file_name,label
IMAGE_0000.jpg,tumor
IMAGE_0001.jpg,no_tumor
IMAGE_0002.jpg,tumor
IMAGE_0003.jpg,tumor
IMAGE_0004.jpg,tumor
IMAGE_0005.jpg,tumor
IMAGE_0006.jpg,no_tumor
IMAGE_0007.jpg,tumor
IMAGE_0008.jpg,tumor
IMAGE_0009.jpg,tumor
IMAGE_0010.jpg,tumor
IMAGE_0011.jpg,tumor
IMAGE_0012.jpg,tumor
IMAGE_0013.jpg,tumor
IMAGE_0014.jpg,tumor
IMAGE_0015.jpg,tumor
IMAGE_0016.jpg,tumor
IMAGE_0017.jpg,tumor
IMAGE_0018.jpg,tumor
IMAGE_0019.jpg,no_tumor
IMAGE_0020.jpg,no_tumor
IMAGE_0021.jpg,tumor
IMAGE_0022.jpg,tumor
IMAGE_0023.jpg,tumor
IMAGE_0024.jpg,tumor
IMAGE_0025.jpg,tumor
IMAGE_0026.jpg,tumor
IMAGE_0027.jpg,no_tumor
IMAGE_0028.jpg,tumor
IMAGE_0029.jpg,tumor
IMAGE_0030.jpg,tumor
IMAGE_0031.jpg,tumor
IMAGE_0032.jpg,tumor
IMAGE_0033.jpg,tumor
IMAGE_0034.jpg,tumor
IMAGE_0035.jpg,tumor
IMAGE_0036.jpg,no_tumor
IMAGE_0037.jpg,tumor
IMAGE_0038.jpg,tumor
IMAGE_0039.jpg,tumor
IMAGE_0040.jpg,tumor
IMAGE_0041.jpg,tumor
IMAGE_0042.jpg,no_tumor
IMAGE_0043.jpg,tumor
IMAGE_0044.jpg,tumor
IMAGE_0045.jpg,tumor
IMAGE_0046.jpg,tumor
IMAGE_0047.jpg,tumor
IMAGE_0048.jpg,no_tumor
IMAGE_0049.jpg,tumor
IMAGE_0050.jpg,tumor
IMAGE_0051.jpg,tumor
IMAGE_0052.jpg,tumor
IMAGE_0053.jpg,tumor
IMAGE_0054.jpg,tumor
IMAGE_0055.jpg,tumor
IMAGE_0056.jpg,tumor
IMAGE_0057.jpg,tumor
IMAGE_0058.jpg,tumor
IMAGE_0059.jpg,tumor
IMAGE_0060.jpg,tumor
IMAGE_0061.jpg,tumor
IMAGE_0062.jpg,tumor
IMAGE_0063.jpg,tumor
IMAGE_0064.jpg,tumor
IMAGE_0065.jpg,tumor
IMAGE_0066.jpg,tumor
IMAGE_0067.jpg,tumor
IMAGE_0068.jpg,tumor
IMAGE_0069.jpg,tumor
IMAGE_0070.jpg,tumor
IMAGE_0071.jpg,tumor
IMAGE_0072.jpg,tumor
IMAGE_0073.jpg,tumor
IMAGE_0074.jpg,tumor
IMAGE_0075.jpg,tumor
IMAGE_0076.jpg,tumor
IMAGE_0077.jpg,tumor
IMAGE_0078.jpg,no_tumor
IMAGE_0079.jpg,tumor
IMAGE_0080.jpg,tumor
IMAGE_0081.jpg,tumor
IMAGE_0082.jpg,tumor
IMAGE_0083.jpg,tumor
IMAGE_0084.jpg,tumor
IMAGE_0085.jpg,tumor
IMAGE_0086.jpg,tumor
IMAGE_0087.jpg,tumor
IMAGE_0088.jpg,tumor
IMAGE_0089.jpg,tumor
IMAGE_0090.jpg,tumor
IMAGE_0091.jpg,tumor
IMAGE_0092.jpg,tumor
IMAGE_0093.jpg,tumor
IMAGE_0094.jpg,tumor
IMAGE_0095.jpg,tumor
IMAGE_0096.jpg,tumor
IMAGE_0097.jpg,tumor
IMAGE_0098.jpg,tumor
IMAGE_0099.jpg,tumor
IMAGE_0100.jpg,tumor
IMAGE_0101.jpg,no_tumor
IMAGE_0102.jpg,tumor
IMAGE_0103.jpg,tumor
IMAGE_0104.jpg,tumor
IMAGE_0105.jpg,tumor
IMAGE_0106.jpg,tumor
IMAGE_0107.jpg,tumor
IMAGE_0108.jpg,tumor
IMAGE_0109.jpg,tumor
IMAGE_0110.jpg,tumor
IMAGE_0111.jpg,tumor
IMAGE_0112.jpg,tumor
IMAGE_0113.jpg,tumor
IMAGE_0114.jpg,no_tumor
IMAGE_0115.jpg,tumor
IMAGE_0116.jpg,tumor
IMAGE_0117.jpg,tumor
IMAGE_0118.jpg,tumor
IMAGE_0119.jpg,tumor
IMAGE_0120.jpg,tumor
IMAGE_0121.jpg,tumor
IMAGE_0122.jpg,tumor
IMAGE_0123.jpg,tumor
IMAGE_0124.jpg,tumor
IMAGE_0125.jpg,no_tumor
IMAGE_0126.jpg,tumor
IMAGE_0127.jpg,no_tumor
IMAGE_0128.jpg,tumor
IMAGE_0129.jpg,tumor
IMAGE_0130.jpg,tumor
IMAGE_0131.jpg,no_tumor
IMAGE_0132.jpg,tumor
IMAGE_0133.jpg,tumor
IMAGE_0134.jpg,tumor
IMAGE_0135.jpg,tumor
IMAGE_0136.jpg,tumor
IMAGE_0137.jpg,tumor
IMAGE_0138.jpg,tumor
IMAGE_0139.jpg,tumor
IMAGE_0140.jpg,tumor
IMAGE_0141.jpg,tumor
IMAGE_0142.jpg,tumor
IMAGE_0143.jpg,tumor
IMAGE_0144.jpg,tumor
IMAGE_0145.jpg,tumor
IMAGE_0146.jpg,tumor
IMAGE_0147.jpg,tumor
IMAGE_0148.jpg,tumor
IMAGE_0149.jpg,tumor
IMAGE_0150.jpg,tumor
IMAGE_0151.jpg,tumor
IMAGE_0152.jpg,tumor
IMAGE_0153.jpg,tumor
IMAGE_0154.jpg,tumor
IMAGE_0155.jpg,tumor
IMAGE_0156.jpg,no_tumor
IMAGE_0157.jpg,tumor
IMAGE_0158.jpg,tumor
IMAGE_0159.jpg,tumor
IMAGE_0160.jpg,tumor
IMAGE_0161.jpg,tumor
IMAGE_0162.jpg,tumor
IMAGE_0163.jpg,tumor
IMAGE_0164.jpg,tumor
IMAGE_0165.jpg,tumor
IMAGE_0166.jpg,tumor
IMAGE_0167.jpg,tumor
IMAGE_0168.jpg,tumor
IMAGE_0169.jpg,tumor
IMAGE_0170.jpg,no_tumor
IMAGE_0171.jpg,tumor
IMAGE_0172.jpg,tumor
IMAGE_0173.jpg,tumor
IMAGE_0174.jpg,tumor
IMAGE_0175.jpg,tumor
IMAGE_0176.jpg,no_tumor
IMAGE_0177.jpg,tumor
IMAGE_0178.jpg,tumor
IMAGE_0179.jpg,tumor
IMAGE_0180.jpg,tumor
IMAGE_0181.jpg,tumor
IMAGE_0182.jpg,tumor
IMAGE_0183.jpg,tumor
IMAGE_0184.jpg,tumor
IMAGE_0185.jpg,tumor
IMAGE_0186.jpg,no_tumor
IMAGE_0187.jpg,tumor
IMAGE_0188.jpg,tumor
IMAGE_0189.jpg,tumor
IMAGE_0190.jpg,tumor
IMAGE_0191.jpg,tumor
IMAGE_0192.jpg,tumor
IMAGE_0193.jpg,tumor
IMAGE_0194.jpg,tumor
IMAGE_0195.jpg,tumor
IMAGE_0196.jpg,tumor
IMAGE_0197.jpg,tumor
IMAGE_0198.jpg,tumor
IMAGE_0199.jpg,tumor
IMAGE_0200.jpg,no_tumor
IMAGE_0201.jpg,tumor
IMAGE_0202.jpg,tumor
IMAGE_0203.jpg,tumor
IMAGE_0204.jpg,no_tumor
IMAGE_0205.jpg,tumor
IMAGE_0206.jpg,tumor
IMAGE_0207.jpg,no_tumor
IMAGE_0208.jpg,tumor
IMAGE_0209.jpg,tumor
IMAGE_0210.jpg,tumor
IMAGE_0211.jpg,tumor
IMAGE_0212.jpg,tumor
IMAGE_0213.jpg,tumor
IMAGE_0214.jpg,tumor
IMAGE_0215.jpg,tumor
IMAGE_0216.jpg,tumor
IMAGE_0217.jpg,tumor
IMAGE_0218.jpg,tumor
IMAGE_0219.jpg,tumor
IMAGE_0220.jpg,tumor
IMAGE_0221.jpg,tumor
IMAGE_0222.jpg,tumor
IMAGE_0223.jpg,tumor
IMAGE_0224.jpg,tumor
IMAGE_0225.jpg,tumor
IMAGE_0226.jpg,tumor
IMAGE_0227.jpg,tumor
IMAGE_0228.jpg,no_tumor
IMAGE_0229.jpg,no_tumor
IMAGE_0230.jpg,tumor
IMAGE_0231.jpg,tumor
IMAGE_0232.jpg,tumor
IMAGE_0233.jpg,no_tumor
IMAGE_0234.jpg,no_tumor
IMAGE_0235.jpg,tumor
IMAGE_0236.jpg,tumor
IMAGE_0237.jpg,tumor
IMAGE_0238.jpg,tumor
IMAGE_0239.jpg,tumor
IMAGE_0240.jpg,tumor
IMAGE_0241.jpg,tumor
IMAGE_0242.jpg,tumor
IMAGE_0243.jpg,tumor
IMAGE_0244.jpg,tumor
IMAGE_0245.jpg,tumor
IMAGE_0246.jpg,tumor
IMAGE_0247.jpg,tumor
IMAGE_0248.jpg,tumor
IMAGE_0249.jpg,no_tumor
IMAGE_0250.jpg,tumor
IMAGE_0251.jpg,tumor
IMAGE_0252.jpg,tumor
IMAGE_0253.jpg,tumor
IMAGE_0254.jpg,tumor
IMAGE_0255.jpg,tumor
IMAGE_0256.jpg,tumor
IMAGE_0257.jpg,no_tumor
IMAGE_0258.jpg,tumor
IMAGE_0259.jpg,no_tumor
IMAGE_0260.jpg,tumor
IMAGE_0261.jpg,tumor
IMAGE_0262.jpg,tumor
IMAGE_0263.jpg,no_tumor
IMAGE_0264.jpg,tumor
IMAGE_0265.jpg,tumor
IMAGE_0266.jpg,tumor
IMAGE_0267.jpg,tumor
IMAGE_0268.jpg,tumor
IMAGE_0269.jpg,tumor
IMAGE_0270.jpg,tumor
IMAGE_0271.jpg,tumor
IMAGE_0272.jpg,tumor
IMAGE_0273.jpg,no_tumor
IMAGE_0274.jpg,tumor
IMAGE_0275.jpg,tumor
IMAGE_0276.jpg,tumor
IMAGE_0277.jpg,tumor
IMAGE_0278.jpg,tumor
IMAGE_0279.jpg,no_tumor
IMAGE_0280.jpg,tumor
IMAGE_0281.jpg,tumor
IMAGE_0282.jpg,tumor
IMAGE_0283.jpg,no_tumor
IMAGE_0284.jpg,tumor
IMAGE_0285.jpg,tumor
IMAGE_0286.jpg,tumor
IMAGE_0287.jpg,tumor
IMAGE_0288.jpg,tumor
IMAGE_0289.jpg,tumor
IMAGE_0290.jpg,tumor
IMAGE_0291.jpg,tumor
IMAGE_0292.jpg,no_tumor
IMAGE_0293.jpg,tumor
IMAGE_0294.jpg,tumor
IMAGE_0295.jpg,no_tumor
IMAGE_0296.jpg,no_tumor
IMAGE_0297.jpg,tumor
IMAGE_0298.jpg,tumor
IMAGE_0299.jpg,tumor
IMAGE_0300.jpg,tumor
IMAGE_0301.jpg,tumor
IMAGE_0302.jpg,tumor
IMAGE_0303.jpg,tumor
IMAGE_0304.jpg,tumor
IMAGE_0305.jpg,tumor
IMAGE_0306.jpg,tumor
IMAGE_0307.jpg,tumor
IMAGE_0308.jpg,tumor
IMAGE_0309.jpg,tumor
IMAGE_0310.jpg,tumor
IMAGE_0311.jpg,tumor
IMAGE_0312.jpg,no_tumor
IMAGE_0313.jpg,tumor
IMAGE_0314.jpg,tumor
IMAGE_0315.jpg,tumor
IMAGE_0316.jpg,tumor
IMAGE_0317.jpg,tumor
IMAGE_0318.jpg,no_tumor
IMAGE_0319.jpg,tumor
IMAGE_0320.jpg,tumor
IMAGE_0321.jpg,tumor
IMAGE_0322.jpg,tumor
IMAGE_0323.jpg,no_tumor
IMAGE_0324.jpg,tumor
IMAGE_0325.jpg,tumor
IMAGE_0326.jpg,tumor
IMAGE_0327.jpg,tumor
IMAGE_0328.jpg,tumor
IMAGE_0329.jpg,tumor
IMAGE_0330.jpg,tumor
IMAGE_0331.jpg,tumor
IMAGE_0332.jpg,tumor
IMAGE_0333.jpg,tumor
IMAGE_0334.jpg,tumor
IMAGE_0335.jpg,no_tumor
IMAGE_0336.jpg,tumor
IMAGE_0337.jpg,tumor
IMAGE_0338.jpg,tumor
IMAGE_0339.jpg,tumor
IMAGE_0340.jpg,tumor
IMAGE_0341.jpg,tumor
IMAGE_0342.jpg,tumor
IMAGE_0343.jpg,tumor
IMAGE_0344.jpg,tumor
IMAGE_0345.jpg,tumor
IMAGE_0346.jpg,tumor
IMAGE_0347.jpg,tumor
IMAGE_0348.jpg,no_tumor
IMAGE_0349.jpg,tumor
IMAGE_0350.jpg,tumor
IMAGE_0351.jpg,tumor
IMAGE_0352.jpg,tumor
IMAGE_0353.jpg,tumor
IMAGE_0354.jpg,tumor
IMAGE_0355.jpg,tumor
IMAGE_0356.jpg,tumor
IMAGE_0357.jpg,tumor
IMAGE_0358.jpg,tumor
IMAGE_0359.jpg,tumor
IMAGE_0360.jpg,tumor
IMAGE_0361.jpg,no_tumor
IMAGE_0362.jpg,tumor
IMAGE_0363.jpg,tumor
IMAGE_0364.jpg,tumor
IMAGE_0365.jpg,tumor
IMAGE_0366.jpg,tumor
IMAGE_0367.jpg,tumor
IMAGE_0368.jpg,tumor
IMAGE_0369.jpg,tumor
IMAGE_0370.jpg,tumor
IMAGE_0371.jpg,tumor
IMAGE_0372.jpg,tumor
IMAGE_0373.jpg,tumor
IMAGE_0374.jpg,tumor
IMAGE_0375.jpg,tumor
IMAGE_0376.jpg,tumor
IMAGE_0377.jpg,tumor
IMAGE_0378.jpg,tumor
IMAGE_0379.jpg,no_tumor
IMAGE_0380.jpg,tumor
IMAGE_0381.jpg,no_tumor
IMAGE_0382.jpg,tumor
IMAGE_0383.jpg,tumor
IMAGE_0384.jpg,tumor
IMAGE_0385.jpg,no_tumor
IMAGE_0386.jpg,tumor
IMAGE_0387.jpg,tumor
IMAGE_0388.jpg,no_tumor
IMAGE_0389.jpg,tumor
IMAGE_0390.jpg,tumor
IMAGE_0391.jpg,tumor
IMAGE_0392.jpg,no_tumor
IMAGE_0393.jpg,no_tumor
IMAGE_0394.jpg,tumor
IMAGE_0395.jpg,no_tumor
IMAGE_0396.jpg,tumor
IMAGE_0397.jpg,no_tumor
IMAGE_0398.jpg,tumor
IMAGE_0399.jpg,tumor
IMAGE_0400.jpg,tumor
IMAGE_0401.jpg,tumor
IMAGE_0402.jpg,tumor
IMAGE_0403.jpg,tumor
IMAGE_0404.jpg,tumor
IMAGE_0405.jpg,tumor
IMAGE_0406.jpg,tumor
IMAGE_0407.jpg,no_tumor
IMAGE_0408.jpg,no_tumor
IMAGE_0409.jpg,tumor
IMAGE_0410.jpg,tumor
IMAGE_0411.jpg,tumor
IMAGE_0412.jpg,tumor
IMAGE_0413.jpg,tumor
IMAGE_0414.jpg,tumor
IMAGE_0415.jpg,tumor
IMAGE_0416.jpg,tumor
IMAGE_0417.jpg,tumor
IMAGE_0418.jpg,tumor
IMAGE_0419.jpg,no_tumor
IMAGE_0420.jpg,tumor
IMAGE_0421.jpg,tumor
IMAGE_0422.jpg,tumor
IMAGE_0423.jpg,tumor
IMAGE_0424.jpg,tumor
IMAGE_0425.jpg,no_tumor
IMAGE_0426.jpg,tumor
IMAGE_0427.jpg,tumor
IMAGE_0428.jpg,tumor
IMAGE_0429.jpg,tumor
IMAGE_0430.jpg,tumor
IMAGE_0431.jpg,tumor
IMAGE_0432.jpg,tumor
IMAGE_0433.jpg,tumor
IMAGE_0434.jpg,tumor
IMAGE_0435.jpg,tumor
IMAGE_0436.jpg,no_tumor
IMAGE_0437.jpg,tumor
IMAGE_0438.jpg,tumor
IMAGE_0439.jpg,tumor
IMAGE_0440.jpg,tumor
IMAGE_0441.jpg,tumor
IMAGE_0442.jpg,tumor
IMAGE_0443.jpg,tumor
IMAGE_0444.jpg,tumor
IMAGE_0445.jpg,tumor
IMAGE_0446.jpg,tumor
IMAGE_0447.jpg,tumor
IMAGE_0448.jpg,no_tumor
IMAGE_0449.jpg,tumor
IMAGE_0450.jpg,tumor
IMAGE_0451.jpg,no_tumor
IMAGE_0452.jpg,no_tumor
IMAGE_0453.jpg,tumor
IMAGE_0454.jpg,no_tumor
IMAGE_0455.jpg,tumor
IMAGE_0456.jpg,tumor
IMAGE_0457.jpg,tumor
IMAGE_0458.jpg,tumor
IMAGE_0459.jpg,tumor
IMAGE_0460.jpg,tumor
IMAGE_0461.jpg,no_tumor
IMAGE_0462.jpg,tumor
IMAGE_0463.jpg,tumor
IMAGE_0464.jpg,tumor
IMAGE_0465.jpg,tumor
IMAGE_0466.jpg,tumor
IMAGE_0467.jpg,no_tumor
IMAGE_0468.jpg,tumor
IMAGE_0469.jpg,tumor
IMAGE_0470.jpg,tumor
IMAGE_0471.jpg,tumor
IMAGE_0472.jpg,no_tumor
IMAGE_0473.jpg,tumor
IMAGE_0474.jpg,tumor
IMAGE_0475.jpg,tumor
IMAGE_0476.jpg,tumor
IMAGE_0477.jpg,tumor
IMAGE_0478.jpg,tumor
IMAGE_0479.jpg,tumor
IMAGE_0480.jpg,tumor
IMAGE_0481.jpg,no_tumor
IMAGE_0482.jpg,tumor
IMAGE_0483.jpg,tumor
IMAGE_0484.jpg,tumor
IMAGE_0485.jpg,tumor
IMAGE_0486.jpg,tumor
IMAGE_0487.jpg,no_tumor
IMAGE_0488.jpg,tumor
IMAGE_0489.jpg,tumor
IMAGE_0490.jpg,no_tumor
IMAGE_0491.jpg,tumor
IMAGE_0492.jpg,tumor
IMAGE_0493.jpg,tumor
IMAGE_0494.jpg,tumor
IMAGE_0495.jpg,no_tumor
IMAGE_0496.jpg,tumor
IMAGE_0497.jpg,tumor
IMAGE_0498.jpg,tumor
IMAGE_0499.jpg,no_tumor
IMAGE_0500.jpg,tumor
IMAGE_0501.jpg,tumor
IMAGE_0502.jpg,no_tumor
IMAGE_0503.jpg,tumor
IMAGE_0504.jpg,tumor
IMAGE_0505.jpg,tumor
IMAGE_0506.jpg,tumor
IMAGE_0507.jpg,tumor
IMAGE_0508.jpg,tumor
IMAGE_0509.jpg,no_tumor
IMAGE_0510.jpg,tumor
IMAGE_0511.jpg,tumor
IMAGE_0512.jpg,tumor
IMAGE_0513.jpg,tumor
IMAGE_0514.jpg,tumor
IMAGE_0515.jpg,tumor
IMAGE_0516.jpg,tumor
IMAGE_0517.jpg,tumor
IMAGE_0518.jpg,tumor
IMAGE_0519.jpg,tumor
IMAGE_0520.jpg,tumor
IMAGE_0521.jpg,no_tumor
IMAGE_0522.jpg,tumor
IMAGE_0523.jpg,tumor
IMAGE_0524.jpg,tumor
IMAGE_0525.jpg,no_tumor
IMAGE_0526.jpg,tumor
IMAGE_0527.jpg,tumor
IMAGE_0528.jpg,tumor
IMAGE_0529.jpg,no_tumor
IMAGE_0530.jpg,tumor
IMAGE_0531.jpg,tumor
IMAGE_0532.jpg,tumor
IMAGE_0533.jpg,no_tumor
IMAGE_0534.jpg,tumor
IMAGE_0535.jpg,no_tumor
IMAGE_0536.jpg,tumor
IMAGE_0537.jpg,tumor
IMAGE_0538.jpg,tumor
IMAGE_0539.jpg,tumor
IMAGE_0540.jpg,tumor
IMAGE_0541.jpg,tumor
IMAGE_0542.jpg,tumor
IMAGE_0543.jpg,tumor
IMAGE_0544.jpg,tumor
IMAGE_0545.jpg,tumor
IMAGE_0546.jpg,tumor
IMAGE_0547.jpg,tumor
IMAGE_0548.jpg,tumor
IMAGE_0549.jpg,tumor
IMAGE_0550.jpg,tumor
IMAGE_0551.jpg,tumor
IMAGE_0552.jpg,tumor
IMAGE_0553.jpg,no_tumor
IMAGE_0554.jpg,no_tumor
IMAGE_0555.jpg,tumor
IMAGE_0556.jpg,no_tumor
IMAGE_0557.jpg,tumor
IMAGE_0558.jpg,tumor
IMAGE_0559.jpg,tumor
IMAGE_0560.jpg,tumor
IMAGE_0561.jpg,tumor
IMAGE_0562.jpg,tumor
IMAGE_0563.jpg,no_tumor
IMAGE_0564.jpg,no_tumor
IMAGE_0565.jpg,tumor
IMAGE_0566.jpg,tumor
IMAGE_0567.jpg,tumor
IMAGE_0568.jpg,tumor
IMAGE_0569.jpg,tumor
IMAGE_0570.jpg,tumor
IMAGE_0571.jpg,tumor
IMAGE_0572.jpg,tumor
IMAGE_0573.jpg,tumor
IMAGE_0574.jpg,tumor
IMAGE_0575.jpg,tumor
IMAGE_0576.jpg,tumor
IMAGE_0577.jpg,tumor
IMAGE_0578.jpg,tumor
IMAGE_0579.jpg,tumor
IMAGE_0580.jpg,no_tumor
IMAGE_0581.jpg,tumor
IMAGE_0582.jpg,tumor
IMAGE_0583.jpg,no_tumor
IMAGE_0584.jpg,tumor
IMAGE_0585.jpg,tumor
IMAGE_0586.jpg,tumor
IMAGE_0587.jpg,tumor
IMAGE_0588.jpg,no_tumor
IMAGE_0589.jpg,tumor
IMAGE_0590.jpg,no_tumor
IMAGE_0591.jpg,tumor
IMAGE_0592.jpg,tumor
IMAGE_0593.jpg,tumor
IMAGE_0594.jpg,tumor
IMAGE_0595.jpg,tumor
IMAGE_0596.jpg,no_tumor
IMAGE_0597.jpg,tumor
IMAGE_0598.jpg,tumor
IMAGE_0599.jpg,tumor
IMAGE_0600.jpg,tumor
IMAGE_0601.jpg,tumor
IMAGE_0602.jpg,tumor
IMAGE_0603.jpg,no_tumor
IMAGE_0604.jpg,tumor
IMAGE_0605.jpg,tumor
IMAGE_0606.jpg,tumor
IMAGE_0607.jpg,tumor
IMAGE_0608.jpg,no_tumor
IMAGE_0609.jpg,tumor
IMAGE_0610.jpg,tumor
IMAGE_0611.jpg,tumor
IMAGE_0612.jpg,tumor
IMAGE_0613.jpg,tumor
IMAGE_0614.jpg,tumor
IMAGE_0615.jpg,tumor
IMAGE_0616.jpg,tumor
IMAGE_0617.jpg,no_tumor
IMAGE_0618.jpg,tumor
IMAGE_0619.jpg,no_tumor
IMAGE_0620.jpg,no_tumor
IMAGE_0621.jpg,tumor
IMAGE_0622.jpg,no_tumor
IMAGE_0623.jpg,tumor
IMAGE_0624.jpg,tumor
IMAGE_0625.jpg,tumor
IMAGE_0626.jpg,tumor
IMAGE_0627.jpg,no_tumor
IMAGE_0628.jpg,tumor
IMAGE_0629.jpg,tumor
IMAGE_0630.jpg,tumor
IMAGE_0631.jpg,tumor
IMAGE_0632.jpg,tumor
IMAGE_0633.jpg,no_tumor
IMAGE_0634.jpg,no_tumor
IMAGE_0635.jpg,tumor
IMAGE_0636.jpg,tumor
IMAGE_0637.jpg,no_tumor
IMAGE_0638.jpg,tumor
IMAGE_0639.jpg,no_tumor
IMAGE_0640.jpg,tumor
IMAGE_0641.jpg,no_tumor
IMAGE_0642.jpg,tumor
IMAGE_0643.jpg,tumor
IMAGE_0644.jpg,tumor
IMAGE_0645.jpg,tumor
IMAGE_0646.jpg,tumor
IMAGE_0647.jpg,tumor
IMAGE_0648.jpg,tumor
IMAGE_0649.jpg,tumor
IMAGE_0650.jpg,tumor
IMAGE_0651.jpg,tumor
IMAGE_0652.jpg,tumor
IMAGE_0653.jpg,tumor
IMAGE_0654.jpg,tumor
IMAGE_0655.jpg,tumor
IMAGE_0656.jpg,tumor
IMAGE_0657.jpg,tumor
IMAGE_0658.jpg,no_tumor
IMAGE_0659.jpg,tumor
IMAGE_0660.jpg,no_tumor
IMAGE_0661.jpg,tumor
IMAGE_0662.jpg,tumor
IMAGE_0663.jpg,tumor
IMAGE_0664.jpg,tumor
IMAGE_0665.jpg,tumor
IMAGE_0666.jpg,tumor
IMAGE_0667.jpg,tumor
IMAGE_0668.jpg,tumor
IMAGE_0669.jpg,tumor
IMAGE_0670.jpg,tumor
IMAGE_0671.jpg,tumor
IMAGE_0672.jpg,no_tumor
IMAGE_0673.jpg,tumor
IMAGE_0674.jpg,tumor
IMAGE_0675.jpg,tumor
IMAGE_0676.jpg,tumor
IMAGE_0677.jpg,no_tumor
IMAGE_0678.jpg,tumor
IMAGE_0679.jpg,tumor
IMAGE_0680.jpg,tumor
IMAGE_0681.jpg,no_tumor
IMAGE_0682.jpg,tumor
IMAGE_0683.jpg,no_tumor
IMAGE_0684.jpg,tumor
IMAGE_0685.jpg,tumor
IMAGE_0686.jpg,tumor
IMAGE_0687.jpg,tumor
IMAGE_0688.jpg,no_tumor
IMAGE_0689.jpg,tumor
IMAGE_0690.jpg,no_tumor
IMAGE_0691.jpg,tumor
IMAGE_0692.jpg,tumor
IMAGE_0693.jpg,tumor
IMAGE_0694.jpg,tumor
IMAGE_0695.jpg,tumor
IMAGE_0696.jpg,tumor
IMAGE_0697.jpg,no_tumor
IMAGE_0698.jpg,no_tumor
IMAGE_0699.jpg,tumor
IMAGE_0700.jpg,tumor
IMAGE_0701.jpg,tumor
IMAGE_0702.jpg,no_tumor
IMAGE_0703.jpg,no_tumor
IMAGE_0704.jpg,tumor
IMAGE_0705.jpg,tumor
IMAGE_0706.jpg,tumor
IMAGE_0707.jpg,tumor
IMAGE_0708.jpg,tumor
IMAGE_0709.jpg,tumor
IMAGE_0710.jpg,tumor
IMAGE_0711.jpg,tumor
IMAGE_0712.jpg,tumor
IMAGE_0713.jpg,tumor
IMAGE_0714.jpg,tumor
IMAGE_0715.jpg,no_tumor
IMAGE_0716.jpg,no_tumor
IMAGE_0717.jpg,tumor
IMAGE_0718.jpg,tumor
IMAGE_0719.jpg,tumor
IMAGE_0720.jpg,tumor
IMAGE_0721.jpg,tumor
IMAGE_0722.jpg,tumor
IMAGE_0723.jpg,tumor
IMAGE_0724.jpg,tumor
IMAGE_0725.jpg,tumor
IMAGE_0726.jpg,no_tumor
IMAGE_0727.jpg,tumor
IMAGE_0728.jpg,tumor
IMAGE_0729.jpg,tumor
IMAGE_0730.jpg,tumor
IMAGE_0731.jpg,tumor
IMAGE_0732.jpg,tumor
IMAGE_0733.jpg,tumor
IMAGE_0734.jpg,tumor
IMAGE_0735.jpg,no_tumor
IMAGE_0736.jpg,tumor
IMAGE_0737.jpg,tumor
IMAGE_0738.jpg,tumor
IMAGE_0739.jpg,no_tumor
IMAGE_0740.jpg,tumor
IMAGE_0741.jpg,tumor
IMAGE_0742.jpg,tumor
IMAGE_0743.jpg,tumor
IMAGE_0744.jpg,tumor
IMAGE_0745.jpg,tumor
IMAGE_0746.jpg,tumor
IMAGE_0747.jpg,tumor
IMAGE_0748.jpg,tumor
IMAGE_0749.jpg,tumor
IMAGE_0750.jpg,tumor
IMAGE_0751.jpg,tumor
IMAGE_0752.jpg,tumor
IMAGE_0753.jpg,tumor
IMAGE_0754.jpg,tumor
IMAGE_0755.jpg,no_tumor
IMAGE_0756.jpg,tumor
IMAGE_0757.jpg,tumor
IMAGE_0758.jpg,tumor
IMAGE_0759.jpg,tumor
IMAGE_0760.jpg,tumor
IMAGE_0761.jpg,tumor
IMAGE_0762.jpg,tumor
IMAGE_0763.jpg,tumor
IMAGE_0764.jpg,tumor
IMAGE_0765.jpg,no_tumor
IMAGE_0766.jpg,tumor
IMAGE_0767.jpg,tumor
IMAGE_0768.jpg,tumor
IMAGE_0769.jpg,tumor
IMAGE_0770.jpg,tumor
IMAGE_0771.jpg,tumor
IMAGE_0772.jpg,tumor
IMAGE_0773.jpg,tumor
IMAGE_0774.jpg,tumor
IMAGE_0775.jpg,no_tumor
IMAGE_0776.jpg,tumor
IMAGE_0777.jpg,no_tumor
IMAGE_0778.jpg,tumor
IMAGE_0779.jpg,tumor
IMAGE_0780.jpg,tumor
IMAGE_0781.jpg,tumor
IMAGE_0782.jpg,tumor
IMAGE_0783.jpg,tumor
IMAGE_0784.jpg,tumor
IMAGE_0785.jpg,tumor
IMAGE_0786.jpg,tumor
IMAGE_0787.jpg,tumor
IMAGE_0788.jpg,tumor
IMAGE_0789.jpg,tumor
IMAGE_0790.jpg,tumor
IMAGE_0791.jpg,no_tumor
IMAGE_0792.jpg,tumor
IMAGE_0793.jpg,tumor
IMAGE_0794.jpg,tumor
IMAGE_0795.jpg,tumor
IMAGE_0796.jpg,tumor
IMAGE_0797.jpg,tumor
IMAGE_0798.jpg,tumor
IMAGE_0799.jpg,tumor
IMAGE_0800.jpg,tumor
IMAGE_0801.jpg,tumor
IMAGE_0802.jpg,tumor
IMAGE_0803.jpg,tumor
IMAGE_0804.jpg,no_tumor
IMAGE_0805.jpg,tumor
IMAGE_0806.jpg,tumor
IMAGE_0807.jpg,no_tumor
IMAGE_0808.jpg,tumor
IMAGE_0809.jpg,tumor
IMAGE_0810.jpg,tumor
IMAGE_0811.jpg,tumor
IMAGE_0812.jpg,tumor
IMAGE_0813.jpg,no_tumor
IMAGE_0814.jpg,no_tumor
IMAGE_0815.jpg,tumor
IMAGE_0816.jpg,no_tumor
IMAGE_0817.jpg,tumor
IMAGE_0818.jpg,tumor
IMAGE_0819.jpg,no_tumor
IMAGE_0820.jpg,tumor
IMAGE_0821.jpg,tumor
IMAGE_0822.jpg,tumor
IMAGE_0823.jpg,tumor
IMAGE_0824.jpg,tumor
IMAGE_0825.jpg,tumor
IMAGE_0826.jpg,tumor
IMAGE_0827.jpg,tumor
IMAGE_0828.jpg,tumor
IMAGE_0829.jpg,no_tumor
IMAGE_0830.jpg,tumor
IMAGE_0831.jpg,tumor
IMAGE_0832.jpg,tumor
IMAGE_0833.jpg,tumor
IMAGE_0834.jpg,tumor
IMAGE_0835.jpg,tumor
IMAGE_0836.jpg,tumor
IMAGE_0837.jpg,tumor
IMAGE_0838.jpg,tumor
IMAGE_0839.jpg,tumor
IMAGE_0840.jpg,tumor
IMAGE_0841.jpg,tumor
IMAGE_0842.jpg,tumor
IMAGE_0843.jpg,tumor
IMAGE_0844.jpg,no_tumor
IMAGE_0845.jpg,tumor
IMAGE_0846.jpg,tumor
IMAGE_0847.jpg,tumor
IMAGE_0848.jpg,tumor
IMAGE_0849.jpg,tumor
IMAGE_0850.jpg,tumor
IMAGE_0851.jpg,tumor
IMAGE_0852.jpg,tumor
IMAGE_0853.jpg,tumor
IMAGE_0854.jpg,tumor
IMAGE_0855.jpg,tumor
IMAGE_0856.jpg,tumor
IMAGE_0857.jpg,tumor
IMAGE_0858.jpg,tumor
IMAGE_0859.jpg,no_tumor
IMAGE_0860.jpg,tumor
IMAGE_0861.jpg,tumor
IMAGE_0862.jpg,tumor
IMAGE_0863.jpg,tumor
IMAGE_0864.jpg,tumor
IMAGE_0865.jpg,tumor
IMAGE_0866.jpg,tumor
IMAGE_0867.jpg,tumor
IMAGE_0868.jpg,no_tumor
IMAGE_0869.jpg,tumor
IMAGE_0870.jpg,tumor
IMAGE_0871.jpg,tumor
IMAGE_0872.jpg,tumor
IMAGE_0873.jpg,tumor
IMAGE_0874.jpg,tumor
IMAGE_0875.jpg,tumor
IMAGE_0876.jpg,tumor
IMAGE_0877.jpg,tumor
IMAGE_0878.jpg,tumor
IMAGE_0879.jpg,tumor
IMAGE_0880.jpg,tumor
IMAGE_0881.jpg,tumor
IMAGE_0882.jpg,no_tumor
IMAGE_0883.jpg,tumor
IMAGE_0884.jpg,tumor
IMAGE_0885.jpg,tumor
IMAGE_0886.jpg,tumor
IMAGE_0887.jpg,tumor
IMAGE_0888.jpg,tumor
IMAGE_0889.jpg,tumor
IMAGE_0890.jpg,tumor
IMAGE_0891.jpg,tumor
IMAGE_0892.jpg,no_tumor
IMAGE_0893.jpg,tumor
IMAGE_0894.jpg,tumor
IMAGE_0895.jpg,tumor
IMAGE_0896.jpg,tumor
IMAGE_0897.jpg,tumor
IMAGE_0898.jpg,tumor
IMAGE_0899.jpg,tumor
IMAGE_0900.jpg,tumor
IMAGE_0901.jpg,tumor
IMAGE_0902.jpg,tumor
IMAGE_0903.jpg,no_tumor
IMAGE_0904.jpg,tumor
IMAGE_0905.jpg,tumor
IMAGE_0906.jpg,tumor
IMAGE_0907.jpg,tumor
IMAGE_0908.jpg,tumor
IMAGE_0909.jpg,tumor
IMAGE_0910.jpg,tumor
IMAGE_0911.jpg,no_tumor
IMAGE_0912.jpg,no_tumor
IMAGE_0913.jpg,tumor
IMAGE_0914.jpg,tumor
IMAGE_0915.jpg,tumor
IMAGE_0916.jpg,no_tumor
IMAGE_0917.jpg,tumor
IMAGE_0918.jpg,tumor
IMAGE_0919.jpg,no_tumor
IMAGE_0920.jpg,no_tumor
IMAGE_0921.jpg,tumor
IMAGE_0922.jpg,tumor
IMAGE_0923.jpg,tumor
IMAGE_0924.jpg,no_tumor
IMAGE_0925.jpg,tumor
IMAGE_0926.jpg,tumor
IMAGE_0927.jpg,tumor
IMAGE_0928.jpg,no_tumor
IMAGE_0929.jpg,tumor
IMAGE_0930.jpg,tumor
IMAGE_0931.jpg,tumor
IMAGE_0932.jpg,tumor
IMAGE_0933.jpg,tumor
IMAGE_0934.jpg,tumor
IMAGE_0935.jpg,no_tumor
IMAGE_0936.jpg,no_tumor
IMAGE_0937.jpg,tumor
IMAGE_0938.jpg,tumor
IMAGE_0939.jpg,no_tumor
IMAGE_0940.jpg,tumor
IMAGE_0941.jpg,tumor
IMAGE_0942.jpg,tumor
IMAGE_0943.jpg,tumor
IMAGE_0944.jpg,tumor
IMAGE_0945.jpg,tumor
IMAGE_0946.jpg,no_tumor
IMAGE_0947.jpg,tumor
IMAGE_0948.jpg,tumor
IMAGE_0949.jpg,tumor
IMAGE_0950.jpg,tumor
IMAGE_0951.jpg,tumor
IMAGE_0952.jpg,tumor
IMAGE_0953.jpg,tumor
IMAGE_0954.jpg,tumor
IMAGE_0955.jpg,tumor
IMAGE_0956.jpg,no_tumor
IMAGE_0957.jpg,tumor
IMAGE_0958.jpg,no_tumor
IMAGE_0959.jpg,no_tumor
IMAGE_0960.jpg,tumor
IMAGE_0961.jpg,tumor
IMAGE_0962.jpg,tumor
IMAGE_0963.jpg,tumor
IMAGE_0964.jpg,no_tumor
IMAGE_0965.jpg,tumor
IMAGE_0966.jpg,tumor
IMAGE_0967.jpg,no_tumor
IMAGE_0968.jpg,tumor
IMAGE_0969.jpg,tumor
IMAGE_0970.jpg,tumor
IMAGE_0971.jpg,tumor
IMAGE_0972.jpg,tumor
IMAGE_0973.jpg,tumor
IMAGE_0974.jpg,tumor
IMAGE_0975.jpg,tumor
IMAGE_0976.jpg,no_tumor
IMAGE_0977.jpg,tumor
IMAGE_0978.jpg,tumor
IMAGE_0979.jpg,tumor
IMAGE_0980.jpg,tumor
IMAGE_0981.jpg,tumor
IMAGE_0982.jpg,tumor
IMAGE_0983.jpg,no_tumor
IMAGE_0984.jpg,tumor
IMAGE_0985.jpg,tumor
IMAGE_0986.jpg,tumor
IMAGE_0987.jpg,tumor
IMAGE_0988.jpg,tumor
IMAGE_0989.jpg,tumor
IMAGE_0990.jpg,tumor
IMAGE_0991.jpg,tumor
IMAGE_0992.jpg,tumor
IMAGE_0993.jpg,tumor
IMAGE_0994.jpg,tumor
IMAGE_0995.jpg,tumor
IMAGE_0996.jpg,tumor
IMAGE_0997.jpg,no_tumor
IMAGE_0998.jpg,tumor
IMAGE_0999.jpg,tumor
IMAGE_1000.jpg,tumor
IMAGE_1001.jpg,tumor
IMAGE_1002.jpg,tumor
IMAGE_1003.jpg,no_tumor
IMAGE_1004.jpg,tumor
IMAGE_1005.jpg,no_tumor
IMAGE_1006.jpg,no_tumor
IMAGE_1007.jpg,tumor
IMAGE_1008.jpg,tumor
IMAGE_1009.jpg,tumor
IMAGE_1010.jpg,tumor
IMAGE_1011.jpg,tumor
IMAGE_1012.jpg,tumor
IMAGE_1013.jpg,tumor
IMAGE_1014.jpg,tumor
IMAGE_1015.jpg,no_tumor
IMAGE_1016.jpg,tumor
IMAGE_1017.jpg,no_tumor
IMAGE_1018.jpg,tumor
IMAGE_1019.jpg,tumor
IMAGE_1020.jpg,tumor
IMAGE_1021.jpg,tumor
IMAGE_1022.jpg,tumor
IMAGE_1023.jpg,tumor
IMAGE_1024.jpg,tumor
IMAGE_1025.jpg,tumor
IMAGE_1026.jpg,tumor
IMAGE_1027.jpg,tumor
IMAGE_1028.jpg,no_tumor
IMAGE_1029.jpg,tumor
IMAGE_1030.jpg,tumor
IMAGE_1031.jpg,tumor
IMAGE_1032.jpg,tumor
IMAGE_1033.jpg,tumor
IMAGE_1034.jpg,tumor
IMAGE_1035.jpg,tumor
IMAGE_1036.jpg,tumor
IMAGE_1037.jpg,tumor
IMAGE_1038.jpg,tumor
IMAGE_1039.jpg,tumor
IMAGE_1040.jpg,tumor
IMAGE_1041.jpg,tumor
IMAGE_1042.jpg,tumor
IMAGE_1043.jpg,tumor
IMAGE_1044.jpg,no_tumor
IMAGE_1045.jpg,tumor
IMAGE_1046.jpg,tumor
IMAGE_1047.jpg,no_tumor
IMAGE_1048.jpg,tumor
IMAGE_1049.jpg,tumor
IMAGE_1050.jpg,tumor
IMAGE_1051.jpg,tumor
IMAGE_1052.jpg,tumor
IMAGE_1053.jpg,tumor
IMAGE_1054.jpg,tumor
IMAGE_1055.jpg,tumor
IMAGE_1056.jpg,no_tumor
IMAGE_1057.jpg,tumor
IMAGE_1058.jpg,tumor
IMAGE_1059.jpg,tumor
IMAGE_1060.jpg,tumor
IMAGE_1061.jpg,tumor
IMAGE_1062.jpg,tumor
IMAGE_1063.jpg,tumor
IMAGE_1064.jpg,tumor
IMAGE_1065.jpg,tumor
IMAGE_1066.jpg,tumor
IMAGE_1067.jpg,tumor
IMAGE_1068.jpg,tumor
IMAGE_1069.jpg,tumor
IMAGE_1070.jpg,tumor
IMAGE_1071.jpg,tumor
IMAGE_1072.jpg,tumor
IMAGE_1073.jpg,tumor
IMAGE_1074.jpg,tumor
IMAGE_1075.jpg,tumor
IMAGE_1076.jpg,tumor
IMAGE_1077.jpg,no_tumor
IMAGE_1078.jpg,tumor
IMAGE_1079.jpg,no_tumor
IMAGE_1080.jpg,no_tumor
IMAGE_1081.jpg,tumor
IMAGE_1082.jpg,no_tumor
IMAGE_1083.jpg,tumor
IMAGE_1084.jpg,no_tumor
IMAGE_1085.jpg,tumor
IMAGE_1086.jpg,no_tumor
IMAGE_1087.jpg,tumor
IMAGE_1088.jpg,no_tumor
IMAGE_1089.jpg,tumor
IMAGE_1090.jpg,no_tumor
IMAGE_1091.jpg,tumor
IMAGE_1092.jpg,tumor
IMAGE_1093.jpg,tumor
IMAGE_1094.jpg,tumor
IMAGE_1095.jpg,tumor
IMAGE_1096.jpg,no_tumor
IMAGE_1097.jpg,tumor
IMAGE_1098.jpg,tumor
IMAGE_1099.jpg,tumor
IMAGE_1100.jpg,tumor
IMAGE_1101.jpg,tumor
IMAGE_1102.jpg,tumor
IMAGE_1103.jpg,tumor
IMAGE_1104.jpg,tumor
IMAGE_1105.jpg,tumor
IMAGE_1106.jpg,tumor
IMAGE_1107.jpg,tumor
IMAGE_1108.jpg,tumor
IMAGE_1109.jpg,tumor
IMAGE_1110.jpg,tumor
IMAGE_1111.jpg,tumor
IMAGE_1112.jpg,no_tumor
IMAGE_1113.jpg,tumor
IMAGE_1114.jpg,tumor
IMAGE_1115.jpg,tumor
IMAGE_1116.jpg,tumor
IMAGE_1117.jpg,tumor
IMAGE_1118.jpg,tumor
IMAGE_1119.jpg,tumor
IMAGE_1120.jpg,tumor
IMAGE_1121.jpg,tumor
IMAGE_1122.jpg,tumor
IMAGE_1123.jpg,tumor
IMAGE_1124.jpg,tumor
IMAGE_1125.jpg,tumor
IMAGE_1126.jpg,tumor
IMAGE_1127.jpg,tumor
IMAGE_1128.jpg,tumor
IMAGE_1129.jpg,tumor
IMAGE_1130.jpg,tumor
IMAGE_1131.jpg,tumor
IMAGE_1132.jpg,tumor
IMAGE_1133.jpg,tumor
IMAGE_1134.jpg,tumor
IMAGE_1135.jpg,no_tumor
IMAGE_1136.jpg,tumor
IMAGE_1137.jpg,tumor
IMAGE_1138.jpg,tumor
IMAGE_1139.jpg,tumor
IMAGE_1140.jpg,tumor
IMAGE_1141.jpg,tumor
IMAGE_1142.jpg,tumor
IMAGE_1143.jpg,tumor
IMAGE_1144.jpg,tumor
IMAGE_1145.jpg,tumor
IMAGE_1146.jpg,no_tumor
IMAGE_1147.jpg,tumor
IMAGE_1148.jpg,tumor
IMAGE_1149.jpg,tumor
IMAGE_1150.jpg,tumor
IMAGE_1151.jpg,tumor
IMAGE_1152.jpg,tumor
IMAGE_1153.jpg,no_tumor
IMAGE_1154.jpg,tumor
IMAGE_1155.jpg,tumor
IMAGE_1156.jpg,tumor
IMAGE_1157.jpg,tumor
IMAGE_1158.jpg,tumor
IMAGE_1159.jpg,tumor
IMAGE_1160.jpg,no_tumor
IMAGE_1161.jpg,tumor
IMAGE_1162.jpg,tumor
IMAGE_1163.jpg,tumor
IMAGE_1164.jpg,tumor
IMAGE_1165.jpg,tumor
IMAGE_1166.jpg,tumor
IMAGE_1167.jpg,tumor
IMAGE_1168.jpg,tumor
IMAGE_1169.jpg,no_tumor
IMAGE_1170.jpg,tumor
IMAGE_1171.jpg,tumor
IMAGE_1172.jpg,tumor
IMAGE_1173.jpg,tumor
IMAGE_1174.jpg,no_tumor
IMAGE_1175.jpg,tumor
IMAGE_1176.jpg,tumor
IMAGE_1177.jpg,tumor
IMAGE_1178.jpg,no_tumor
IMAGE_1179.jpg,tumor
IMAGE_1180.jpg,tumor
IMAGE_1181.jpg,tumor
IMAGE_1182.jpg,tumor
IMAGE_1183.jpg,no_tumor
IMAGE_1184.jpg,tumor
IMAGE_1185.jpg,tumor
IMAGE_1186.jpg,tumor
IMAGE_1187.jpg,no_tumor
IMAGE_1188.jpg,tumor
IMAGE_1189.jpg,tumor
IMAGE_1190.jpg,tumor
IMAGE_1191.jpg,tumor
IMAGE_1192.jpg,tumor
IMAGE_1193.jpg,tumor
IMAGE_1194.jpg,no_tumor
IMAGE_1195.jpg,tumor
IMAGE_1196.jpg,tumor
IMAGE_1197.jpg,tumor
IMAGE_1198.jpg,tumor
IMAGE_1199.jpg,no_tumor
IMAGE_1200.jpg,tumor
IMAGE_1201.jpg,tumor
IMAGE_1202.jpg,tumor
IMAGE_1203.jpg,tumor
IMAGE_1204.jpg,tumor
IMAGE_1205.jpg,tumor
IMAGE_1206.jpg,tumor
IMAGE_1207.jpg,tumor
IMAGE_1208.jpg,tumor
IMAGE_1209.jpg,no_tumor
IMAGE_1210.jpg,tumor
IMAGE_1211.jpg,tumor
IMAGE_1212.jpg,tumor
IMAGE_1213.jpg,tumor
IMAGE_1214.jpg,tumor
IMAGE_1215.jpg,tumor
IMAGE_1216.jpg,no_tumor
IMAGE_1217.jpg,tumor
IMAGE_1218.jpg,no_tumor
IMAGE_1219.jpg,tumor
IMAGE_1220.jpg,no_tumor
IMAGE_1221.jpg,no_tumor
IMAGE_1222.jpg,tumor
IMAGE_1223.jpg,tumor
IMAGE_1224.jpg,tumor
IMAGE_1225.jpg,tumor
IMAGE_1226.jpg,tumor
IMAGE_1227.jpg,tumor
IMAGE_1228.jpg,tumor
IMAGE_1229.jpg,no_tumor
IMAGE_1230.jpg,no_tumor
IMAGE_1231.jpg,tumor
IMAGE_1232.jpg,tumor
IMAGE_1233.jpg,no_tumor
IMAGE_1234.jpg,tumor
IMAGE_1235.jpg,tumor
IMAGE_1236.jpg,tumor
IMAGE_1237.jpg,tumor
IMAGE_1238.jpg,tumor
IMAGE_1239.jpg,tumor
IMAGE_1240.jpg,tumor
IMAGE_1241.jpg,tumor
IMAGE_1242.jpg,tumor
IMAGE_1243.jpg,no_tumor
IMAGE_1244.jpg,tumor
IMAGE_1245.jpg,tumor
IMAGE_1246.jpg,tumor
IMAGE_1247.jpg,tumor
IMAGE_1248.jpg,tumor
IMAGE_1249.jpg,tumor
IMAGE_1250.jpg,tumor
IMAGE_1251.jpg,tumor
IMAGE_1252.jpg,no_tumor
IMAGE_1253.jpg,no_tumor
IMAGE_1254.jpg,no_tumor
IMAGE_1255.jpg,tumor
IMAGE_1256.jpg,tumor
IMAGE_1257.jpg,tumor
IMAGE_1258.jpg,no_tumor
IMAGE_1259.jpg,tumor
IMAGE_1260.jpg,tumor
IMAGE_1261.jpg,tumor
IMAGE_1262.jpg,tumor
IMAGE_1263.jpg,tumor
IMAGE_1264.jpg,tumor
IMAGE_1265.jpg,tumor
IMAGE_1266.jpg,tumor
IMAGE_1267.jpg,tumor
IMAGE_1268.jpg,tumor
IMAGE_1269.jpg,no_tumor
IMAGE_1270.jpg,tumor
IMAGE_1271.jpg,tumor
IMAGE_1272.jpg,tumor
IMAGE_1273.jpg,tumor
IMAGE_1274.jpg,tumor
IMAGE_1275.jpg,tumor
IMAGE_1276.jpg,tumor
IMAGE_1277.jpg,tumor
IMAGE_1278.jpg,tumor
IMAGE_1279.jpg,tumor
IMAGE_1280.jpg,tumor
IMAGE_1281.jpg,tumor
IMAGE_1282.jpg,tumor
IMAGE_1283.jpg,tumor
IMAGE_1284.jpg,tumor
IMAGE_1285.jpg,tumor
IMAGE_1286.jpg,tumor
IMAGE_1287.jpg,no_tumor
IMAGE_1288.jpg,tumor
IMAGE_1289.jpg,tumor
IMAGE_1290.jpg,tumor
IMAGE_1291.jpg,tumor
IMAGE_1292.jpg,tumor
IMAGE_1293.jpg,tumor
IMAGE_1294.jpg,tumor
IMAGE_1295.jpg,tumor
IMAGE_1296.jpg,tumor
IMAGE_1297.jpg,tumor
IMAGE_1298.jpg,no_tumor
IMAGE_1299.jpg,tumor
IMAGE_1300.jpg,tumor
IMAGE_1301.jpg,tumor
IMAGE_1302.jpg,no_tumor
IMAGE_1303.jpg,tumor
IMAGE_1304.jpg,tumor
IMAGE_1305.jpg,tumor
IMAGE_1306.jpg,tumor
IMAGE_1307.jpg,no_tumor
IMAGE_1308.jpg,no_tumor
IMAGE_1309.jpg,tumor
IMAGE_1310.jpg,tumor
IMAGE_1311.jpg,tumor
IMAGE_1312.jpg,tumor
IMAGE_1313.jpg,no_tumor
IMAGE_1314.jpg,tumor
IMAGE_1315.jpg,tumor
IMAGE_1316.jpg,no_tumor
IMAGE_1317.jpg,tumor
IMAGE_1318.jpg,tumor
IMAGE_1319.jpg,tumor
IMAGE_1320.jpg,tumor
IMAGE_1321.jpg,tumor
IMAGE_1322.jpg,tumor
IMAGE_1323.jpg,tumor
IMAGE_1324.jpg,tumor
IMAGE_1325.jpg,tumor
IMAGE_1326.jpg,tumor
IMAGE_1327.jpg,tumor
IMAGE_1328.jpg,no_tumor
IMAGE_1329.jpg,tumor
IMAGE_1330.jpg,tumor
IMAGE_1331.jpg,tumor
IMAGE_1332.jpg,tumor
IMAGE_1333.jpg,tumor
IMAGE_1334.jpg,no_tumor
IMAGE_1335.jpg,tumor
IMAGE_1336.jpg,tumor
IMAGE_1337.jpg,tumor
IMAGE_1338.jpg,no_tumor
IMAGE_1339.jpg,no_tumor
IMAGE_1340.jpg,tumor
IMAGE_1341.jpg,tumor
IMAGE_1342.jpg,no_tumor
IMAGE_1343.jpg,tumor
IMAGE_1344.jpg,tumor
IMAGE_1345.jpg,tumor
IMAGE_1346.jpg,tumor
IMAGE_1347.jpg,tumor
IMAGE_1348.jpg,tumor
IMAGE_1349.jpg,tumor
IMAGE_1350.jpg,no_tumor
IMAGE_1351.jpg,tumor
IMAGE_1352.jpg,tumor
IMAGE_1353.jpg,tumor
IMAGE_1354.jpg,tumor
IMAGE_1355.jpg,tumor
IMAGE_1356.jpg,tumor
IMAGE_1357.jpg,tumor
IMAGE_1358.jpg,tumor
IMAGE_1359.jpg,tumor
IMAGE_1360.jpg,tumor
IMAGE_1361.jpg,tumor
IMAGE_1362.jpg,tumor
IMAGE_1363.jpg,no_tumor
IMAGE_1364.jpg,tumor
IMAGE_1365.jpg,tumor
IMAGE_1366.jpg,tumor
IMAGE_1367.jpg,tumor
IMAGE_1368.jpg,tumor
IMAGE_1369.jpg,tumor
IMAGE_1370.jpg,tumor
IMAGE_1371.jpg,tumor
IMAGE_1372.jpg,tumor
IMAGE_1373.jpg,no_tumor
IMAGE_1374.jpg,tumor
IMAGE_1375.jpg,tumor
IMAGE_1376.jpg,tumor
IMAGE_1377.jpg,tumor
IMAGE_1378.jpg,tumor
IMAGE_1379.jpg,tumor
IMAGE_1380.jpg,tumor
IMAGE_1381.jpg,tumor
IMAGE_1382.jpg,no_tumor
IMAGE_1383.jpg,tumor
IMAGE_1384.jpg,tumor
IMAGE_1385.jpg,tumor
IMAGE_1386.jpg,tumor
IMAGE_1387.jpg,tumor
IMAGE_1388.jpg,tumor
IMAGE_1389.jpg,tumor
IMAGE_1390.jpg,tumor
IMAGE_1391.jpg,tumor
IMAGE_1392.jpg,tumor
IMAGE_1393.jpg,tumor
IMAGE_1394.jpg,tumor
IMAGE_1395.jpg,tumor
IMAGE_1396.jpg,tumor
IMAGE_1397.jpg,tumor
IMAGE_1398.jpg,no_tumor
IMAGE_1399.jpg,tumor
IMAGE_1400.jpg,tumor
IMAGE_1401.jpg,no_tumor
IMAGE_1402.jpg,tumor
IMAGE_1403.jpg,no_tumor
IMAGE_1404.jpg,tumor
IMAGE_1405.jpg,tumor
IMAGE_1406.jpg,tumor
IMAGE_1407.jpg,tumor
IMAGE_1408.jpg,tumor
IMAGE_1409.jpg,tumor
IMAGE_1410.jpg,tumor
IMAGE_1411.jpg,tumor
IMAGE_1412.jpg,tumor
IMAGE_1413.jpg,tumor
IMAGE_1414.jpg,tumor
IMAGE_1415.jpg,tumor
IMAGE_1416.jpg,tumor
IMAGE_1417.jpg,tumor
IMAGE_1418.jpg,no_tumor
IMAGE_1419.jpg,tumor
IMAGE_1420.jpg,tumor
IMAGE_1421.jpg,tumor
IMAGE_1422.jpg,tumor
IMAGE_1423.jpg,tumor
IMAGE_1424.jpg,no_tumor
IMAGE_1425.jpg,tumor
IMAGE_1426.jpg,tumor
IMAGE_1427.jpg,no_tumor
IMAGE_1428.jpg,tumor
IMAGE_1429.jpg,tumor
IMAGE_1430.jpg,no_tumor
IMAGE_1431.jpg,no_tumor
IMAGE_1432.jpg,tumor
IMAGE_1433.jpg,tumor
IMAGE_1434.jpg,tumor
IMAGE_1435.jpg,tumor
IMAGE_1436.jpg,tumor
IMAGE_1437.jpg,tumor
IMAGE_1438.jpg,no_tumor
IMAGE_1439.jpg,tumor
IMAGE_1440.jpg,no_tumor
IMAGE_1441.jpg,tumor
IMAGE_1442.jpg,tumor
IMAGE_1443.jpg,tumor
IMAGE_1444.jpg,tumor
IMAGE_1445.jpg,tumor
IMAGE_1446.jpg,tumor
IMAGE_1447.jpg,tumor
IMAGE_1448.jpg,tumor
IMAGE_1449.jpg,tumor
IMAGE_1450.jpg,tumor
IMAGE_1451.jpg,tumor
IMAGE_1452.jpg,tumor
IMAGE_1453.jpg,tumor
IMAGE_1454.jpg,tumor
IMAGE_1455.jpg,no_tumor
IMAGE_1456.jpg,tumor
IMAGE_1457.jpg,no_tumor
IMAGE_1458.jpg,tumor
IMAGE_1459.jpg,no_tumor
IMAGE_1460.jpg,tumor
IMAGE_1461.jpg,tumor
IMAGE_1462.jpg,tumor
IMAGE_1463.jpg,tumor
IMAGE_1464.jpg,no_tumor
IMAGE_1465.jpg,tumor
IMAGE_1466.jpg,tumor
IMAGE_1467.jpg,tumor
IMAGE_1468.jpg,tumor
IMAGE_1469.jpg,tumor
IMAGE_1470.jpg,no_tumor
IMAGE_1471.jpg,tumor
IMAGE_1472.jpg,tumor
IMAGE_1473.jpg,tumor
IMAGE_1474.jpg,tumor
IMAGE_1475.jpg,tumor
IMAGE_1476.jpg,tumor
IMAGE_1477.jpg,tumor
IMAGE_1478.jpg,tumor
IMAGE_1479.jpg,tumor
IMAGE_1480.jpg,tumor
IMAGE_1481.jpg,tumor
IMAGE_1482.jpg,tumor
IMAGE_1483.jpg,tumor
IMAGE_1484.jpg,tumor
IMAGE_1485.jpg,tumor
IMAGE_1486.jpg,no_tumor
IMAGE_1487.jpg,tumor
IMAGE_1488.jpg,tumor
IMAGE_1489.jpg,tumor
IMAGE_1490.jpg,tumor
IMAGE_1491.jpg,tumor
IMAGE_1492.jpg,tumor
IMAGE_1493.jpg,tumor
IMAGE_1494.jpg,tumor
IMAGE_1495.jpg,tumor
IMAGE_1496.jpg,tumor
IMAGE_1497.jpg,no_tumor
IMAGE_1498.jpg,tumor
IMAGE_1499.jpg,tumor
IMAGE_1500.jpg,tumor
IMAGE_1501.jpg,tumor
IMAGE_1502.jpg,tumor
IMAGE_1503.jpg,tumor
IMAGE_1504.jpg,no_tumor
IMAGE_1505.jpg,tumor
IMAGE_1506.jpg,no_tumor
IMAGE_1507.jpg,tumor
IMAGE_1508.jpg,tumor
IMAGE_1509.jpg,tumor
IMAGE_1510.jpg,tumor
IMAGE_1511.jpg,tumor
IMAGE_1512.jpg,no_tumor
IMAGE_1513.jpg,no_tumor
IMAGE_1514.jpg,tumor
IMAGE_1515.jpg,tumor
IMAGE_1516.jpg,tumor
IMAGE_1517.jpg,tumor
IMAGE_1518.jpg,tumor
IMAGE_1519.jpg,tumor
IMAGE_1520.jpg,tumor
IMAGE_1521.jpg,tumor
IMAGE_1522.jpg,tumor
IMAGE_1523.jpg,tumor
IMAGE_1524.jpg,tumor
IMAGE_1525.jpg,tumor
IMAGE_1526.jpg,tumor
IMAGE_1527.jpg,tumor
IMAGE_1528.jpg,tumor
IMAGE_1529.jpg,tumor
IMAGE_1530.jpg,tumor
IMAGE_1531.jpg,tumor
IMAGE_1532.jpg,tumor
IMAGE_1533.jpg,tumor
IMAGE_1534.jpg,tumor
IMAGE_1535.jpg,tumor
IMAGE_1536.jpg,tumor
IMAGE_1537.jpg,tumor
IMAGE_1538.jpg,tumor
IMAGE_1539.jpg,tumor
IMAGE_1540.jpg,tumor
IMAGE_1541.jpg,tumor
IMAGE_1542.jpg,tumor
IMAGE_1543.jpg,tumor
IMAGE_1544.jpg,no_tumor
IMAGE_1545.jpg,tumor
IMAGE_1546.jpg,tumor
IMAGE_1547.jpg,tumor
IMAGE_1548.jpg,tumor
IMAGE_1549.jpg,tumor
IMAGE_1550.jpg,tumor
IMAGE_1551.jpg,tumor
IMAGE_1552.jpg,tumor
IMAGE_1553.jpg,tumor
IMAGE_1554.jpg,tumor
IMAGE_1555.jpg,tumor
IMAGE_1556.jpg,tumor
IMAGE_1557.jpg,no_tumor
IMAGE_1558.jpg,tumor
IMAGE_1559.jpg,tumor
IMAGE_1560.jpg,tumor
IMAGE_1561.jpg,tumor
IMAGE_1562.jpg,tumor
IMAGE_1563.jpg,tumor
IMAGE_1564.jpg,tumor
IMAGE_1565.jpg,tumor
IMAGE_1566.jpg,no_tumor
IMAGE_1567.jpg,tumor
IMAGE_1568.jpg,tumor
IMAGE_1569.jpg,no_tumor
IMAGE_1570.jpg,tumor
IMAGE_1571.jpg,tumor
IMAGE_1572.jpg,no_tumor
IMAGE_1573.jpg,tumor
IMAGE_1574.jpg,no_tumor
IMAGE_1575.jpg,tumor
IMAGE_1576.jpg,no_tumor
IMAGE_1577.jpg,tumor
IMAGE_1578.jpg,tumor
IMAGE_1579.jpg,no_tumor
IMAGE_1580.jpg,no_tumor
IMAGE_1581.jpg,tumor
IMAGE_1582.jpg,tumor
IMAGE_1583.jpg,tumor
IMAGE_1584.jpg,tumor
IMAGE_1585.jpg,tumor
IMAGE_1586.jpg,tumor
IMAGE_1587.jpg,tumor
IMAGE_1588.jpg,tumor
IMAGE_1589.jpg,tumor
IMAGE_1590.jpg,tumor
IMAGE_1591.jpg,no_tumor
IMAGE_1592.jpg,tumor
IMAGE_1593.jpg,tumor
IMAGE_1594.jpg,tumor
IMAGE_1595.jpg,tumor
IMAGE_1596.jpg,tumor
IMAGE_1597.jpg,tumor
IMAGE_1598.jpg,tumor
IMAGE_1599.jpg,tumor
IMAGE_1600.jpg,tumor
IMAGE_1601.jpg,no_tumor
IMAGE_1602.jpg,tumor
IMAGE_1603.jpg,tumor
IMAGE_1604.jpg,tumor
IMAGE_1605.jpg,no_tumor
IMAGE_1606.jpg,tumor
IMAGE_1607.jpg,tumor
IMAGE_1608.jpg,tumor
IMAGE_1609.jpg,tumor
IMAGE_1610.jpg,tumor
IMAGE_1611.jpg,tumor
IMAGE_1612.jpg,tumor
IMAGE_1613.jpg,tumor
IMAGE_1614.jpg,tumor
IMAGE_1615.jpg,tumor
IMAGE_1616.jpg,tumor
IMAGE_1617.jpg,no_tumor
IMAGE_1618.jpg,tumor
IMAGE_1619.jpg,tumor
IMAGE_1620.jpg,tumor
IMAGE_1621.jpg,tumor
IMAGE_1622.jpg,tumor
IMAGE_1623.jpg,tumor
IMAGE_1624.jpg,tumor
IMAGE_1625.jpg,tumor
IMAGE_1626.jpg,tumor
IMAGE_1627.jpg,tumor
IMAGE_1628.jpg,tumor
IMAGE_1629.jpg,tumor
IMAGE_1630.jpg,tumor
IMAGE_1631.jpg,no_tumor
IMAGE_1632.jpg,tumor
IMAGE_1633.jpg,tumor
IMAGE_1634.jpg,tumor
IMAGE_1635.jpg,tumor
IMAGE_1636.jpg,tumor
IMAGE_1637.jpg,no_tumor
IMAGE_1638.jpg,tumor
IMAGE_1639.jpg,tumor
IMAGE_1640.jpg,tumor
IMAGE_1641.jpg,no_tumor
IMAGE_1642.jpg,no_tumor
IMAGE_1643.jpg,tumor
IMAGE_1644.jpg,tumor
IMAGE_1645.jpg,no_tumor
IMAGE_1646.jpg,no_tumor
IMAGE_1647.jpg,tumor
IMAGE_1648.jpg,tumor
IMAGE_1649.jpg,tumor
IMAGE_1650.jpg,tumor
IMAGE_1651.jpg,tumor
IMAGE_1652.jpg,tumor
IMAGE_1653.jpg,tumor
IMAGE_1654.jpg,tumor
IMAGE_1655.jpg,no_tumor
IMAGE_1656.jpg,tumor
IMAGE_1657.jpg,tumor
IMAGE_1658.jpg,tumor
IMAGE_1659.jpg,tumor
IMAGE_1660.jpg,tumor
IMAGE_1661.jpg,tumor
IMAGE_1662.jpg,tumor
IMAGE_1663.jpg,tumor
IMAGE_1664.jpg,tumor
IMAGE_1665.jpg,tumor
IMAGE_1666.jpg,tumor
IMAGE_1667.jpg,tumor
IMAGE_1668.jpg,tumor
IMAGE_1669.jpg,tumor
IMAGE_1670.jpg,tumor
IMAGE_1671.jpg,tumor
IMAGE_1672.jpg,tumor
IMAGE_1673.jpg,tumor
IMAGE_1674.jpg,no_tumor
IMAGE_1675.jpg,tumor
IMAGE_1676.jpg,tumor
IMAGE_1677.jpg,no_tumor
IMAGE_1678.jpg,no_tumor
IMAGE_1679.jpg,no_tumor
IMAGE_1680.jpg,tumor
IMAGE_1681.jpg,tumor
IMAGE_1682.jpg,tumor
IMAGE_1683.jpg,tumor
IMAGE_1684.jpg,no_tumor
IMAGE_1685.jpg,tumor
IMAGE_1686.jpg,tumor
IMAGE_1687.jpg,tumor
IMAGE_1688.jpg,tumor
IMAGE_1689.jpg,tumor
IMAGE_1690.jpg,tumor
IMAGE_1691.jpg,tumor
IMAGE_1692.jpg,no_tumor
IMAGE_1693.jpg,tumor
IMAGE_1694.jpg,tumor
IMAGE_1695.jpg,tumor
IMAGE_1696.jpg,tumor
IMAGE_1697.jpg,no_tumor
IMAGE_1698.jpg,tumor
IMAGE_1699.jpg,tumor
IMAGE_1700.jpg,tumor
IMAGE_1701.jpg,tumor
IMAGE_1702.jpg,tumor
IMAGE_1703.jpg,tumor
IMAGE_1704.jpg,no_tumor
IMAGE_1705.jpg,tumor
IMAGE_1706.jpg,tumor
IMAGE_1707.jpg,tumor
IMAGE_1708.jpg,tumor
IMAGE_1709.jpg,tumor
IMAGE_1710.jpg,no_tumor
IMAGE_1711.jpg,tumor
IMAGE_1712.jpg,tumor
IMAGE_1713.jpg,tumor
IMAGE_1714.jpg,tumor
IMAGE_1715.jpg,tumor
IMAGE_1716.jpg,tumor
IMAGE_1717.jpg,tumor
IMAGE_1718.jpg,tumor
IMAGE_1719.jpg,tumor
IMAGE_1720.jpg,tumor
IMAGE_1721.jpg,no_tumor
IMAGE_1722.jpg,tumor
IMAGE_1723.jpg,tumor
IMAGE_1724.jpg,no_tumor
IMAGE_1725.jpg,tumor
IMAGE_1726.jpg,tumor
IMAGE_1727.jpg,tumor
IMAGE_1728.jpg,tumor
IMAGE_1729.jpg,tumor
IMAGE_1730.jpg,tumor
IMAGE_1731.jpg,tumor
IMAGE_1732.jpg,tumor
IMAGE_1733.jpg,tumor
IMAGE_1734.jpg,tumor
IMAGE_1735.jpg,tumor
IMAGE_1736.jpg,tumor
IMAGE_1737.jpg,tumor
IMAGE_1738.jpg,no_tumor
IMAGE_1739.jpg,no_tumor
IMAGE_1740.jpg,tumor
IMAGE_1741.jpg,tumor
IMAGE_1742.jpg,tumor
IMAGE_1743.jpg,tumor
IMAGE_1744.jpg,tumor
IMAGE_1745.jpg,no_tumor
IMAGE_1746.jpg,no_tumor
IMAGE_1747.jpg,tumor
IMAGE_1748.jpg,tumor
IMAGE_1749.jpg,tumor
IMAGE_1750.jpg,tumor
IMAGE_1751.jpg,tumor
IMAGE_1752.jpg,tumor
IMAGE_1753.jpg,tumor
IMAGE_1754.jpg,tumor
IMAGE_1755.jpg,no_tumor
IMAGE_1756.jpg,no_tumor
IMAGE_1757.jpg,tumor
IMAGE_1758.jpg,tumor
IMAGE_1759.jpg,tumor
IMAGE_1760.jpg,tumor
IMAGE_1761.jpg,tumor
IMAGE_1762.jpg,tumor
IMAGE_1763.jpg,tumor
IMAGE_1764.jpg,tumor
IMAGE_1765.jpg,tumor
IMAGE_1766.jpg,tumor
IMAGE_1767.jpg,tumor
IMAGE_1768.jpg,no_tumor
IMAGE_1769.jpg,tumor
IMAGE_1770.jpg,no_tumor
IMAGE_1771.jpg,no_tumor
IMAGE_1772.jpg,no_tumor
IMAGE_1773.jpg,tumor
IMAGE_1774.jpg,tumor
IMAGE_1775.jpg,tumor
IMAGE_1776.jpg,tumor
IMAGE_1777.jpg,no_tumor
IMAGE_1778.jpg,tumor
IMAGE_1779.jpg,tumor
IMAGE_1780.jpg,tumor
IMAGE_1781.jpg,tumor
IMAGE_1782.jpg,tumor
IMAGE_1783.jpg,tumor
IMAGE_1784.jpg,no_tumor
IMAGE_1785.jpg,tumor
IMAGE_1786.jpg,tumor
IMAGE_1787.jpg,tumor
IMAGE_1788.jpg,tumor
IMAGE_1789.jpg,tumor
IMAGE_1790.jpg,tumor
IMAGE_1791.jpg,tumor
IMAGE_1792.jpg,no_tumor
IMAGE_1793.jpg,tumor
IMAGE_1794.jpg,tumor
IMAGE_1795.jpg,tumor
IMAGE_1796.jpg,tumor
IMAGE_1797.jpg,tumor
IMAGE_1798.jpg,no_tumor
IMAGE_1799.jpg,tumor
IMAGE_1800.jpg,tumor
IMAGE_1801.jpg,tumor
IMAGE_1802.jpg,no_tumor
IMAGE_1803.jpg,no_tumor
IMAGE_1804.jpg,tumor
IMAGE_1805.jpg,tumor
IMAGE_1806.jpg,tumor
IMAGE_1807.jpg,tumor
IMAGE_1808.jpg,tumor
IMAGE_1809.jpg,tumor
IMAGE_1810.jpg,tumor
IMAGE_1811.jpg,no_tumor
IMAGE_1812.jpg,tumor
IMAGE_1813.jpg,tumor
IMAGE_1814.jpg,no_tumor
IMAGE_1815.jpg,tumor
IMAGE_1816.jpg,tumor
IMAGE_1817.jpg,no_tumor
IMAGE_1818.jpg,no_tumor
IMAGE_1819.jpg,tumor
IMAGE_1820.jpg,tumor
IMAGE_1821.jpg,tumor
IMAGE_1822.jpg,no_tumor
IMAGE_1823.jpg,no_tumor
IMAGE_1824.jpg,tumor
IMAGE_1825.jpg,tumor
IMAGE_1826.jpg,tumor
IMAGE_1827.jpg,tumor
IMAGE_1828.jpg,tumor
IMAGE_1829.jpg,tumor
IMAGE_1830.jpg,tumor
IMAGE_1831.jpg,tumor
IMAGE_1832.jpg,tumor
IMAGE_1833.jpg,tumor
IMAGE_1834.jpg,tumor
IMAGE_1835.jpg,tumor
IMAGE_1836.jpg,tumor
IMAGE_1837.jpg,tumor
IMAGE_1838.jpg,tumor
IMAGE_1839.jpg,tumor
IMAGE_1840.jpg,tumor
IMAGE_1841.jpg,tumor
IMAGE_1842.jpg,tumor
IMAGE_1843.jpg,tumor
IMAGE_1844.jpg,tumor
IMAGE_1845.jpg,tumor
IMAGE_1846.jpg,tumor
IMAGE_1847.jpg,tumor
IMAGE_1848.jpg,tumor
IMAGE_1849.jpg,tumor
IMAGE_1850.jpg,tumor
IMAGE_1851.jpg,tumor
IMAGE_1852.jpg,no_tumor
IMAGE_1853.jpg,tumor
IMAGE_1854.jpg,tumor
IMAGE_1855.jpg,tumor
IMAGE_1856.jpg,tumor
IMAGE_1857.jpg,tumor
IMAGE_1858.jpg,no_tumor
IMAGE_1859.jpg,no_tumor
IMAGE_1860.jpg,tumor
IMAGE_1861.jpg,tumor
IMAGE_1862.jpg,tumor
IMAGE_1863.jpg,tumor
IMAGE_1864.jpg,tumor
IMAGE_1865.jpg,tumor
IMAGE_1866.jpg,no_tumor
IMAGE_1867.jpg,tumor
IMAGE_1868.jpg,tumor
IMAGE_1869.jpg,no_tumor
IMAGE_1870.jpg,tumor
IMAGE_1871.jpg,tumor
IMAGE_1872.jpg,tumor
IMAGE_1873.jpg,tumor
IMAGE_1874.jpg,tumor
IMAGE_1875.jpg,tumor
IMAGE_1876.jpg,tumor
IMAGE_1877.jpg,tumor
IMAGE_1878.jpg,tumor
IMAGE_1879.jpg,tumor
IMAGE_1880.jpg,tumor
IMAGE_1881.jpg,tumor
IMAGE_1882.jpg,tumor
IMAGE_1883.jpg,tumor
IMAGE_1884.jpg,tumor
IMAGE_1885.jpg,tumor
IMAGE_1886.jpg,no_tumor
IMAGE_1887.jpg,no_tumor
IMAGE_1888.jpg,tumor
IMAGE_1889.jpg,tumor
IMAGE_1890.jpg,tumor
IMAGE_1891.jpg,tumor
IMAGE_1892.jpg,tumor
IMAGE_1893.jpg,tumor
IMAGE_1894.jpg,tumor
IMAGE_1895.jpg,tumor
IMAGE_1896.jpg,tumor
IMAGE_1897.jpg,no_tumor
IMAGE_1898.jpg,tumor
IMAGE_1899.jpg,tumor
IMAGE_1900.jpg,tumor
IMAGE_1901.jpg,tumor
IMAGE_1902.jpg,tumor
IMAGE_1903.jpg,tumor
IMAGE_1904.jpg,tumor
IMAGE_1905.jpg,tumor
IMAGE_1906.jpg,tumor
IMAGE_1907.jpg,no_tumor
IMAGE_1908.jpg,tumor
IMAGE_1909.jpg,tumor
IMAGE_1910.jpg,tumor
IMAGE_1911.jpg,tumor
IMAGE_1912.jpg,tumor
IMAGE_1913.jpg,tumor
IMAGE_1914.jpg,tumor
IMAGE_1915.jpg,tumor
IMAGE_1916.jpg,tumor
IMAGE_1917.jpg,tumor
IMAGE_1918.jpg,tumor
IMAGE_1919.jpg,tumor
IMAGE_1920.jpg,tumor
IMAGE_1921.jpg,tumor
IMAGE_1922.jpg,tumor
IMAGE_1923.jpg,no_tumor
IMAGE_1924.jpg,tumor
IMAGE_1925.jpg,tumor
IMAGE_1926.jpg,tumor
IMAGE_1927.jpg,tumor
IMAGE_1928.jpg,tumor
IMAGE_1929.jpg,tumor
IMAGE_1930.jpg,tumor
IMAGE_1931.jpg,no_tumor
IMAGE_1932.jpg,no_tumor
IMAGE_1933.jpg,tumor
IMAGE_1934.jpg,tumor
IMAGE_1935.jpg,tumor
IMAGE_1936.jpg,tumor
IMAGE_1937.jpg,no_tumor
IMAGE_1938.jpg,tumor
IMAGE_1939.jpg,tumor
IMAGE_1940.jpg,tumor
IMAGE_1941.jpg,tumor
IMAGE_1942.jpg,no_tumor
IMAGE_1943.jpg,tumor
IMAGE_1944.jpg,tumor
IMAGE_1945.jpg,tumor
IMAGE_1946.jpg,tumor
IMAGE_1947.jpg,tumor
IMAGE_1948.jpg,tumor
IMAGE_1949.jpg,tumor
IMAGE_1950.jpg,tumor
IMAGE_1951.jpg,tumor
IMAGE_1952.jpg,tumor
IMAGE_1953.jpg,tumor
IMAGE_1954.jpg,tumor
IMAGE_1955.jpg,tumor
IMAGE_1956.jpg,tumor
IMAGE_1957.jpg,tumor
IMAGE_1958.jpg,tumor
IMAGE_1959.jpg,tumor
IMAGE_1960.jpg,no_tumor
IMAGE_1961.jpg,tumor
IMAGE_1962.jpg,no_tumor
IMAGE_1963.jpg,tumor
IMAGE_1964.jpg,tumor
IMAGE_1965.jpg,tumor
IMAGE_1966.jpg,tumor
IMAGE_1967.jpg,tumor
IMAGE_1968.jpg,no_tumor
IMAGE_1969.jpg,tumor
IMAGE_1970.jpg,tumor
IMAGE_1971.jpg,tumor
IMAGE_1972.jpg,tumor
IMAGE_1973.jpg,no_tumor
IMAGE_1974.jpg,tumor
IMAGE_1975.jpg,tumor
IMAGE_1976.jpg,tumor
IMAGE_1977.jpg,tumor
IMAGE_1978.jpg,tumor
IMAGE_1979.jpg,tumor
IMAGE_1980.jpg,tumor
IMAGE_1981.jpg,tumor
IMAGE_1982.jpg,tumor
IMAGE_1983.jpg,tumor
IMAGE_1984.jpg,tumor
IMAGE_1985.jpg,no_tumor
IMAGE_1986.jpg,tumor
IMAGE_1987.jpg,tumor
IMAGE_1988.jpg,tumor
IMAGE_1989.jpg,tumor
IMAGE_1990.jpg,tumor
IMAGE_1991.jpg,tumor
IMAGE_1992.jpg,tumor
IMAGE_1993.jpg,no_tumor
IMAGE_1994.jpg,tumor
IMAGE_1995.jpg,no_tumor
IMAGE_1996.jpg,no_tumor
IMAGE_1997.jpg,tumor
IMAGE_1998.jpg,tumor
IMAGE_1999.jpg,tumor
IMAGE_2000.jpg,tumor
IMAGE_2001.jpg,tumor
IMAGE_2002.jpg,tumor
IMAGE_2003.jpg,tumor
IMAGE_2004.jpg,tumor
IMAGE_2005.jpg,no_tumor
IMAGE_2006.jpg,tumor
IMAGE_2007.jpg,no_tumor
IMAGE_2008.jpg,tumor
IMAGE_2009.jpg,tumor
IMAGE_2010.jpg,tumor
IMAGE_2011.jpg,tumor
IMAGE_2012.jpg,tumor
IMAGE_2013.jpg,tumor
IMAGE_2014.jpg,no_tumor
IMAGE_2015.jpg,tumor
IMAGE_2016.jpg,tumor
IMAGE_2017.jpg,tumor
IMAGE_2018.jpg,tumor
IMAGE_2019.jpg,tumor
IMAGE_2020.jpg,tumor
IMAGE_2021.jpg,tumor
IMAGE_2022.jpg,tumor
IMAGE_2023.jpg,tumor
IMAGE_2024.jpg,tumor
IMAGE_2025.jpg,tumor
IMAGE_2026.jpg,tumor
IMAGE_2027.jpg,tumor
IMAGE_2028.jpg,tumor
IMAGE_2029.jpg,tumor
IMAGE_2030.jpg,tumor
IMAGE_2031.jpg,tumor
IMAGE_2032.jpg,tumor
IMAGE_2033.jpg,tumor
IMAGE_2034.jpg,tumor
IMAGE_2035.jpg,tumor
IMAGE_2036.jpg,tumor
IMAGE_2037.jpg,tumor
IMAGE_2038.jpg,tumor
IMAGE_2039.jpg,tumor
IMAGE_2040.jpg,tumor
IMAGE_2041.jpg,no_tumor
IMAGE_2042.jpg,tumor
IMAGE_2043.jpg,tumor
IMAGE_2044.jpg,no_tumor
IMAGE_2045.jpg,tumor
IMAGE_2046.jpg,tumor
IMAGE_2047.jpg,tumor
IMAGE_2048.jpg,tumor
IMAGE_2049.jpg,tumor
IMAGE_2050.jpg,no_tumor
IMAGE_2051.jpg,tumor
IMAGE_2052.jpg,tumor
IMAGE_2053.jpg,tumor
IMAGE_2054.jpg,no_tumor
IMAGE_2055.jpg,tumor
IMAGE_2056.jpg,tumor
IMAGE_2057.jpg,tumor
IMAGE_2058.jpg,tumor
IMAGE_2059.jpg,tumor
IMAGE_2060.jpg,tumor
IMAGE_2061.jpg,tumor
IMAGE_2062.jpg,tumor
IMAGE_2063.jpg,tumor
IMAGE_2064.jpg,tumor
IMAGE_2065.jpg,tumor
IMAGE_2066.jpg,tumor
IMAGE_2067.jpg,tumor
IMAGE_2068.jpg,tumor
IMAGE_2069.jpg,tumor
IMAGE_2070.jpg,tumor
IMAGE_2071.jpg,tumor
IMAGE_2072.jpg,no_tumor
IMAGE_2073.jpg,tumor
IMAGE_2074.jpg,tumor
IMAGE_2075.jpg,tumor
IMAGE_2076.jpg,tumor
IMAGE_2077.jpg,tumor
IMAGE_2078.jpg,tumor
IMAGE_2079.jpg,tumor
IMAGE_2080.jpg,tumor
IMAGE_2081.jpg,tumor
IMAGE_2082.jpg,tumor
IMAGE_2083.jpg,no_tumor
IMAGE_2084.jpg,tumor
IMAGE_2085.jpg,tumor
IMAGE_2086.jpg,tumor
IMAGE_2087.jpg,tumor
IMAGE_2088.jpg,tumor
IMAGE_2089.jpg,no_tumor
IMAGE_2090.jpg,tumor
IMAGE_2091.jpg,tumor
IMAGE_2092.jpg,tumor
IMAGE_2093.jpg,tumor
IMAGE_2094.jpg,tumor
IMAGE_2095.jpg,no_tumor
IMAGE_2096.jpg,tumor
IMAGE_2097.jpg,tumor
IMAGE_2098.jpg,no_tumor
IMAGE_2099.jpg,tumor
IMAGE_2100.jpg,tumor
IMAGE_2101.jpg,tumor
IMAGE_2102.jpg,tumor
IMAGE_2103.jpg,tumor
IMAGE_2104.jpg,no_tumor
IMAGE_2105.jpg,no_tumor
IMAGE_2106.jpg,tumor
IMAGE_2107.jpg,tumor
IMAGE_2108.jpg,no_tumor
IMAGE_2109.jpg,tumor
IMAGE_2110.jpg,tumor
IMAGE_2111.jpg,no_tumor
IMAGE_2112.jpg,tumor
IMAGE_2113.jpg,tumor
IMAGE_2114.jpg,tumor
IMAGE_2115.jpg,tumor
IMAGE_2116.jpg,tumor
IMAGE_2117.jpg,tumor
IMAGE_2118.jpg,tumor
IMAGE_2119.jpg,tumor
IMAGE_2120.jpg,tumor
IMAGE_2121.jpg,tumor
IMAGE_2122.jpg,tumor
IMAGE_2123.jpg,tumor
IMAGE_2124.jpg,tumor
IMAGE_2125.jpg,no_tumor
IMAGE_2126.jpg,tumor
IMAGE_2127.jpg,tumor
IMAGE_2128.jpg,tumor
IMAGE_2129.jpg,tumor
IMAGE_2130.jpg,tumor
IMAGE_2131.jpg,tumor
IMAGE_2132.jpg,tumor
IMAGE_2133.jpg,tumor
IMAGE_2134.jpg,tumor
IMAGE_2135.jpg,tumor
IMAGE_2136.jpg,tumor
IMAGE_2137.jpg,tumor
IMAGE_2138.jpg,tumor
IMAGE_2139.jpg,tumor
IMAGE_2140.jpg,tumor
IMAGE_2141.jpg,tumor
IMAGE_2142.jpg,no_tumor
IMAGE_2143.jpg,tumor
IMAGE_2144.jpg,tumor
IMAGE_2145.jpg,no_tumor
IMAGE_2146.jpg,tumor
IMAGE_2147.jpg,no_tumor
IMAGE_2148.jpg,tumor
IMAGE_2149.jpg,tumor
IMAGE_2150.jpg,tumor
IMAGE_2151.jpg,tumor
IMAGE_2152.jpg,tumor
IMAGE_2153.jpg,tumor
IMAGE_2154.jpg,no_tumor
IMAGE_2155.jpg,tumor
IMAGE_2156.jpg,tumor
IMAGE_2157.jpg,tumor
IMAGE_2158.jpg,tumor
IMAGE_2159.jpg,no_tumor
IMAGE_2160.jpg,tumor
IMAGE_2161.jpg,tumor
IMAGE_2162.jpg,tumor
IMAGE_2163.jpg,no_tumor
IMAGE_2164.jpg,tumor
IMAGE_2165.jpg,tumor
IMAGE_2166.jpg,tumor
IMAGE_2167.jpg,tumor
IMAGE_2168.jpg,tumor
IMAGE_2169.jpg,tumor
IMAGE_2170.jpg,tumor
IMAGE_2171.jpg,no_tumor
IMAGE_2172.jpg,tumor
IMAGE_2173.jpg,tumor
IMAGE_2174.jpg,tumor
IMAGE_2175.jpg,tumor
IMAGE_2176.jpg,tumor
IMAGE_2177.jpg,tumor
IMAGE_2178.jpg,tumor
IMAGE_2179.jpg,tumor
IMAGE_2180.jpg,no_tumor
IMAGE_2181.jpg,tumor
IMAGE_2182.jpg,tumor
IMAGE_2183.jpg,tumor
IMAGE_2184.jpg,tumor
IMAGE_2185.jpg,tumor
IMAGE_2186.jpg,tumor
IMAGE_2187.jpg,tumor
IMAGE_2188.jpg,tumor
IMAGE_2189.jpg,tumor
IMAGE_2190.jpg,tumor
IMAGE_2191.jpg,no_tumor
IMAGE_2192.jpg,tumor
IMAGE_2193.jpg,tumor
IMAGE_2194.jpg,tumor
IMAGE_2195.jpg,tumor
IMAGE_2196.jpg,tumor
IMAGE_2197.jpg,tumor
IMAGE_2198.jpg,tumor
IMAGE_2199.jpg,tumor
IMAGE_2200.jpg,tumor
IMAGE_2201.jpg,tumor
IMAGE_2202.jpg,tumor
IMAGE_2203.jpg,tumor
IMAGE_2204.jpg,no_tumor
IMAGE_2205.jpg,tumor
IMAGE_2206.jpg,tumor
IMAGE_2207.jpg,tumor
IMAGE_2208.jpg,tumor
IMAGE_2209.jpg,tumor
IMAGE_2210.jpg,tumor
IMAGE_2211.jpg,tumor
IMAGE_2212.jpg,tumor
IMAGE_2213.jpg,tumor
IMAGE_2214.jpg,tumor
IMAGE_2215.jpg,tumor
IMAGE_2216.jpg,tumor
IMAGE_2217.jpg,tumor
IMAGE_2218.jpg,tumor
IMAGE_2219.jpg,tumor
IMAGE_2220.jpg,tumor
IMAGE_2221.jpg,tumor
IMAGE_2222.jpg,tumor
IMAGE_2223.jpg,tumor
IMAGE_2224.jpg,tumor
IMAGE_2225.jpg,tumor
IMAGE_2226.jpg,tumor
IMAGE_2227.jpg,no_tumor
IMAGE_2228.jpg,tumor
IMAGE_2229.jpg,tumor
IMAGE_2230.jpg,tumor
IMAGE_2231.jpg,tumor
IMAGE_2232.jpg,tumor
IMAGE_2233.jpg,tumor
IMAGE_2234.jpg,tumor
IMAGE_2235.jpg,tumor
IMAGE_2236.jpg,tumor
IMAGE_2237.jpg,tumor
IMAGE_2238.jpg,tumor
IMAGE_2239.jpg,no_tumor
IMAGE_2240.jpg,tumor
IMAGE_2241.jpg,tumor
IMAGE_2242.jpg,tumor
IMAGE_2243.jpg,tumor
IMAGE_2244.jpg,tumor
IMAGE_2245.jpg,tumor
IMAGE_2246.jpg,tumor
IMAGE_2247.jpg,tumor
IMAGE_2248.jpg,tumor
IMAGE_2249.jpg,tumor
IMAGE_2250.jpg,tumor
IMAGE_2251.jpg,tumor
IMAGE_2252.jpg,tumor
IMAGE_2253.jpg,tumor
IMAGE_2254.jpg,tumor
IMAGE_2255.jpg,tumor
IMAGE_2256.jpg,tumor
IMAGE_2257.jpg,tumor
IMAGE_2258.jpg,tumor
IMAGE_2259.jpg,tumor
IMAGE_2260.jpg,tumor
IMAGE_2261.jpg,no_tumor
IMAGE_2262.jpg,no_tumor
IMAGE_2263.jpg,tumor
IMAGE_2264.jpg,tumor
IMAGE_2265.jpg,tumor
IMAGE_2266.jpg,tumor
IMAGE_2267.jpg,tumor
IMAGE_2268.jpg,tumor
IMAGE_2269.jpg,tumor
IMAGE_2270.jpg,tumor
IMAGE_2271.jpg,tumor
IMAGE_2272.jpg,tumor
IMAGE_2273.jpg,tumor
IMAGE_2274.jpg,tumor
IMAGE_2275.jpg,tumor
IMAGE_2276.jpg,tumor
IMAGE_2277.jpg,tumor
IMAGE_2278.jpg,tumor
IMAGE_2279.jpg,no_tumor
IMAGE_2280.jpg,tumor
IMAGE_2281.jpg,tumor
IMAGE_2282.jpg,tumor
IMAGE_2283.jpg,tumor
IMAGE_2284.jpg,tumor
IMAGE_2285.jpg,tumor
IMAGE_2286.jpg,tumor
IMAGE_2287.jpg,tumor
IMAGE_2288.jpg,tumor
IMAGE_2289.jpg,tumor
IMAGE_2290.jpg,tumor
IMAGE_2291.jpg,tumor
IMAGE_2292.jpg,tumor
IMAGE_2293.jpg,tumor
IMAGE_2294.jpg,no_tumor
IMAGE_2295.jpg,tumor
IMAGE_2296.jpg,tumor
IMAGE_2297.jpg,tumor
IMAGE_2298.jpg,tumor
IMAGE_2299.jpg,tumor
IMAGE_2300.jpg,tumor
IMAGE_2301.jpg,tumor
IMAGE_2302.jpg,tumor
IMAGE_2303.jpg,no_tumor
IMAGE_2304.jpg,tumor
IMAGE_2305.jpg,tumor
IMAGE_2306.jpg,no_tumor
IMAGE_2307.jpg,no_tumor
IMAGE_2308.jpg,tumor
IMAGE_2309.jpg,tumor
IMAGE_2310.jpg,tumor
IMAGE_2311.jpg,tumor
IMAGE_2312.jpg,tumor
IMAGE_2313.jpg,no_tumor
IMAGE_2314.jpg,tumor
IMAGE_2315.jpg,tumor
IMAGE_2316.jpg,tumor
IMAGE_2317.jpg,tumor
IMAGE_2318.jpg,no_tumor
IMAGE_2319.jpg,tumor
IMAGE_2320.jpg,no_tumor
IMAGE_2321.jpg,no_tumor
IMAGE_2322.jpg,tumor
IMAGE_2323.jpg,tumor
IMAGE_2324.jpg,tumor
IMAGE_2325.jpg,no_tumor
IMAGE_2326.jpg,no_tumor
IMAGE_2327.jpg,tumor
IMAGE_2328.jpg,no_tumor
IMAGE_2329.jpg,tumor
IMAGE_2330.jpg,tumor
IMAGE_2331.jpg,tumor
IMAGE_2332.jpg,tumor
IMAGE_2333.jpg,tumor
IMAGE_2334.jpg,tumor
IMAGE_2335.jpg,no_tumor
IMAGE_2336.jpg,tumor
IMAGE_2337.jpg,tumor
IMAGE_2338.jpg,tumor
IMAGE_2339.jpg,tumor
IMAGE_2340.jpg,tumor
IMAGE_2341.jpg,tumor
IMAGE_2342.jpg,tumor
IMAGE_2343.jpg,tumor
IMAGE_2344.jpg,tumor
IMAGE_2345.jpg,tumor
IMAGE_2346.jpg,tumor
IMAGE_2347.jpg,tumor
IMAGE_2348.jpg,tumor
IMAGE_2349.jpg,tumor
IMAGE_2350.jpg,tumor
IMAGE_2351.jpg,tumor
IMAGE_2352.jpg,no_tumor
IMAGE_2353.jpg,tumor
IMAGE_2354.jpg,no_tumor
IMAGE_2355.jpg,no_tumor
IMAGE_2356.jpg,no_tumor
IMAGE_2357.jpg,tumor
IMAGE_2358.jpg,tumor
IMAGE_2359.jpg,tumor
IMAGE_2360.jpg,tumor
IMAGE_2361.jpg,tumor
IMAGE_2362.jpg,tumor
IMAGE_2363.jpg,tumor
IMAGE_2364.jpg,tumor
IMAGE_2365.jpg,no_tumor
IMAGE_2366.jpg,no_tumor
IMAGE_2367.jpg,tumor
IMAGE_2368.jpg,tumor
IMAGE_2369.jpg,tumor
IMAGE_2370.jpg,tumor
IMAGE_2371.jpg,no_tumor
IMAGE_2372.jpg,tumor
IMAGE_2373.jpg,tumor
IMAGE_2374.jpg,tumor
IMAGE_2375.jpg,tumor
IMAGE_2376.jpg,tumor
IMAGE_2377.jpg,tumor
IMAGE_2378.jpg,no_tumor
IMAGE_2379.jpg,tumor
IMAGE_2380.jpg,tumor
IMAGE_2381.jpg,tumor
IMAGE_2382.jpg,tumor
IMAGE_2383.jpg,no_tumor
IMAGE_2384.jpg,no_tumor
IMAGE_2385.jpg,tumor
IMAGE_2386.jpg,tumor
IMAGE_2387.jpg,tumor
IMAGE_2388.jpg,tumor
IMAGE_2389.jpg,tumor
IMAGE_2390.jpg,tumor
IMAGE_2391.jpg,tumor
IMAGE_2392.jpg,tumor
IMAGE_2393.jpg,tumor
IMAGE_2394.jpg,no_tumor
IMAGE_2395.jpg,tumor
IMAGE_2396.jpg,tumor
IMAGE_2397.jpg,tumor
IMAGE_2398.jpg,tumor
IMAGE_2399.jpg,tumor
IMAGE_2400.jpg,tumor
IMAGE_2401.jpg,no_tumor
IMAGE_2402.jpg,tumor
IMAGE_2403.jpg,tumor
IMAGE_2404.jpg,tumor
IMAGE_2405.jpg,tumor
IMAGE_2406.jpg,tumor
IMAGE_2407.jpg,no_tumor
IMAGE_2408.jpg,tumor
IMAGE_2409.jpg,tumor
IMAGE_2410.jpg,tumor
IMAGE_2411.jpg,no_tumor
IMAGE_2412.jpg,tumor
IMAGE_2413.jpg,tumor
IMAGE_2414.jpg,no_tumor
IMAGE_2415.jpg,tumor
IMAGE_2416.jpg,tumor
IMAGE_2417.jpg,tumor
IMAGE_2418.jpg,tumor
IMAGE_2419.jpg,tumor
IMAGE_2420.jpg,tumor
IMAGE_2421.jpg,tumor
IMAGE_2422.jpg,tumor
IMAGE_2423.jpg,tumor
IMAGE_2424.jpg,tumor
IMAGE_2425.jpg,no_tumor
IMAGE_2426.jpg,tumor
IMAGE_2427.jpg,no_tumor
IMAGE_2428.jpg,tumor
IMAGE_2429.jpg,tumor
IMAGE_2430.jpg,tumor
IMAGE_2431.jpg,no_tumor
IMAGE_2432.jpg,no_tumor
IMAGE_2433.jpg,tumor
IMAGE_2434.jpg,tumor
IMAGE_2435.jpg,no_tumor
IMAGE_2436.jpg,tumor
IMAGE_2437.jpg,tumor
IMAGE_2438.jpg,tumor
IMAGE_2439.jpg,no_tumor
IMAGE_2440.jpg,tumor
IMAGE_2441.jpg,tumor
IMAGE_2442.jpg,tumor
IMAGE_2443.jpg,tumor
IMAGE_2444.jpg,tumor
IMAGE_2445.jpg,no_tumor
IMAGE_2446.jpg,tumor
IMAGE_2447.jpg,tumor
IMAGE_2448.jpg,tumor
IMAGE_2449.jpg,tumor
IMAGE_2450.jpg,tumor
IMAGE_2451.jpg,tumor
IMAGE_2452.jpg,tumor
IMAGE_2453.jpg,tumor
IMAGE_2454.jpg,tumor
IMAGE_2455.jpg,no_tumor
IMAGE_2456.jpg,tumor
IMAGE_2457.jpg,tumor
IMAGE_2458.jpg,tumor
IMAGE_2459.jpg,tumor
IMAGE_2460.jpg,tumor
IMAGE_2461.jpg,tumor
IMAGE_2462.jpg,tumor
IMAGE_2463.jpg,no_tumor
IMAGE_2464.jpg,no_tumor
IMAGE_2465.jpg,tumor
IMAGE_2466.jpg,tumor
IMAGE_2467.jpg,tumor
IMAGE_2468.jpg,tumor
IMAGE_2469.jpg,tumor
IMAGE_2470.jpg,tumor
IMAGE_2471.jpg,tumor
IMAGE_2472.jpg,tumor
IMAGE_2473.jpg,tumor
IMAGE_2474.jpg,tumor
IMAGE_2475.jpg,tumor
IMAGE_2476.jpg,tumor
IMAGE_2477.jpg,no_tumor
IMAGE_2478.jpg,tumor
IMAGE_2479.jpg,no_tumor
IMAGE_2480.jpg,tumor
IMAGE_2481.jpg,tumor
IMAGE_2482.jpg,tumor
IMAGE_2483.jpg,tumor
IMAGE_2484.jpg,tumor
IMAGE_2485.jpg,tumor
IMAGE_2486.jpg,tumor
IMAGE_2487.jpg,no_tumor
IMAGE_2488.jpg,tumor
IMAGE_2489.jpg,tumor
IMAGE_2490.jpg,tumor
IMAGE_2491.jpg,tumor
IMAGE_2492.jpg,tumor
IMAGE_2493.jpg,tumor
IMAGE_2494.jpg,tumor
IMAGE_2495.jpg,tumor
IMAGE_2496.jpg,tumor
IMAGE_2497.jpg,tumor
IMAGE_2498.jpg,tumor
IMAGE_2499.jpg,tumor
IMAGE_2500.jpg,tumor
IMAGE_2501.jpg,no_tumor
IMAGE_2502.jpg,tumor
IMAGE_2503.jpg,tumor
IMAGE_2504.jpg,tumor
IMAGE_2505.jpg,tumor
IMAGE_2506.jpg,tumor
IMAGE_2507.jpg,tumor
IMAGE_2508.jpg,tumor
IMAGE_2509.jpg,tumor
IMAGE_2510.jpg,no_tumor
IMAGE_2511.jpg,no_tumor
IMAGE_2512.jpg,tumor
IMAGE_2513.jpg,tumor
IMAGE_2514.jpg,tumor
IMAGE_2515.jpg,tumor
IMAGE_2516.jpg,no_tumor
IMAGE_2517.jpg,tumor
IMAGE_2518.jpg,tumor
IMAGE_2519.jpg,tumor
IMAGE_2520.jpg,tumor
IMAGE_2521.jpg,tumor
IMAGE_2522.jpg,tumor
IMAGE_2523.jpg,no_tumor
IMAGE_2524.jpg,tumor
IMAGE_2525.jpg,tumor
IMAGE_2526.jpg,tumor
IMAGE_2527.jpg,tumor
IMAGE_2528.jpg,tumor
IMAGE_2529.jpg,tumor
IMAGE_2530.jpg,tumor
IMAGE_2531.jpg,tumor
IMAGE_2532.jpg,no_tumor
IMAGE_2533.jpg,tumor
IMAGE_2534.jpg,tumor
IMAGE_2535.jpg,no_tumor
IMAGE_2536.jpg,tumor
IMAGE_2537.jpg,tumor
IMAGE_2538.jpg,no_tumor
IMAGE_2539.jpg,tumor
IMAGE_2540.jpg,tumor
IMAGE_2541.jpg,tumor
IMAGE_2542.jpg,tumor
IMAGE_2543.jpg,tumor
IMAGE_2544.jpg,tumor
IMAGE_2545.jpg,tumor
IMAGE_2546.jpg,tumor
IMAGE_2547.jpg,tumor
IMAGE_2548.jpg,tumor
IMAGE_2549.jpg,tumor
IMAGE_2550.jpg,no_tumor
IMAGE_2551.jpg,tumor
IMAGE_2552.jpg,tumor
IMAGE_2553.jpg,tumor
IMAGE_2554.jpg,tumor
IMAGE_2555.jpg,no_tumor
IMAGE_2556.jpg,tumor
IMAGE_2557.jpg,tumor
IMAGE_2558.jpg,tumor
IMAGE_2559.jpg,tumor
IMAGE_2560.jpg,tumor
IMAGE_2561.jpg,no_tumor
IMAGE_2562.jpg,tumor
IMAGE_2563.jpg,tumor
IMAGE_2564.jpg,tumor
IMAGE_2565.jpg,tumor
IMAGE_2566.jpg,tumor
IMAGE_2567.jpg,tumor
IMAGE_2568.jpg,tumor
IMAGE_2569.jpg,no_tumor
IMAGE_2570.jpg,tumor
IMAGE_2571.jpg,tumor
IMAGE_2572.jpg,tumor
IMAGE_2573.jpg,tumor
IMAGE_2574.jpg,tumor
IMAGE_2575.jpg,tumor
IMAGE_2576.jpg,no_tumor
IMAGE_2577.jpg,tumor
IMAGE_2578.jpg,tumor
IMAGE_2579.jpg,tumor
IMAGE_2580.jpg,tumor
IMAGE_2581.jpg,no_tumor
IMAGE_2582.jpg,tumor
IMAGE_2583.jpg,tumor
IMAGE_2584.jpg,tumor
IMAGE_2585.jpg,tumor
IMAGE_2586.jpg,tumor
IMAGE_2587.jpg,tumor
IMAGE_2588.jpg,tumor
IMAGE_2589.jpg,tumor
IMAGE_2590.jpg,tumor
IMAGE_2591.jpg,tumor
IMAGE_2592.jpg,tumor
IMAGE_2593.jpg,tumor
IMAGE_2594.jpg,tumor
IMAGE_2595.jpg,tumor
IMAGE_2596.jpg,tumor
IMAGE_2597.jpg,tumor
IMAGE_2598.jpg,tumor
IMAGE_2599.jpg,no_tumor
IMAGE_2600.jpg,tumor
IMAGE_2601.jpg,tumor
IMAGE_2602.jpg,tumor
IMAGE_2603.jpg,tumor
IMAGE_2604.jpg,tumor
IMAGE_2605.jpg,tumor
IMAGE_2606.jpg,tumor
IMAGE_2607.jpg,no_tumor
IMAGE_2608.jpg,tumor
IMAGE_2609.jpg,tumor
IMAGE_2610.jpg,tumor
IMAGE_2611.jpg,tumor
IMAGE_2612.jpg,tumor
IMAGE_2613.jpg,tumor
IMAGE_2614.jpg,tumor
IMAGE_2615.jpg,no_tumor
IMAGE_2616.jpg,tumor
IMAGE_2617.jpg,tumor
IMAGE_2618.jpg,tumor
IMAGE_2619.jpg,tumor
IMAGE_2620.jpg,tumor
IMAGE_2621.jpg,tumor
IMAGE_2622.jpg,tumor
IMAGE_2623.jpg,tumor
IMAGE_2624.jpg,tumor
IMAGE_2625.jpg,no_tumor
IMAGE_2626.jpg,tumor
IMAGE_2627.jpg,tumor
IMAGE_2628.jpg,tumor
IMAGE_2629.jpg,tumor
IMAGE_2630.jpg,tumor
IMAGE_2631.jpg,no_tumor
IMAGE_2632.jpg,tumor
IMAGE_2633.jpg,no_tumor
IMAGE_2634.jpg,no_tumor
IMAGE_2635.jpg,tumor
IMAGE_2636.jpg,tumor
IMAGE_2637.jpg,no_tumor
IMAGE_2638.jpg,tumor
IMAGE_2639.jpg,tumor
IMAGE_2640.jpg,tumor
IMAGE_2641.jpg,tumor
IMAGE_2642.jpg,tumor
IMAGE_2643.jpg,tumor
IMAGE_2644.jpg,no_tumor
IMAGE_2645.jpg,tumor
IMAGE_2646.jpg,tumor
IMAGE_2647.jpg,tumor
IMAGE_2648.jpg,tumor
IMAGE_2649.jpg,tumor
IMAGE_2650.jpg,tumor
IMAGE_2651.jpg,tumor
IMAGE_2652.jpg,tumor
IMAGE_2653.jpg,tumor
IMAGE_2654.jpg,no_tumor
IMAGE_2655.jpg,tumor
IMAGE_2656.jpg,no_tumor
IMAGE_2657.jpg,tumor
IMAGE_2658.jpg,tumor
IMAGE_2659.jpg,tumor
IMAGE_2660.jpg,tumor
IMAGE_2661.jpg,tumor
IMAGE_2662.jpg,tumor
IMAGE_2663.jpg,tumor
IMAGE_2664.jpg,tumor
IMAGE_2665.jpg,tumor
IMAGE_2666.jpg,tumor
IMAGE_2667.jpg,tumor
IMAGE_2668.jpg,tumor
IMAGE_2669.jpg,tumor
IMAGE_2670.jpg,tumor
IMAGE_2671.jpg,tumor
IMAGE_2672.jpg,tumor
IMAGE_2673.jpg,tumor
IMAGE_2674.jpg,tumor
IMAGE_2675.jpg,tumor
IMAGE_2676.jpg,tumor
IMAGE_2677.jpg,tumor
IMAGE_2678.jpg,tumor
IMAGE_2679.jpg,tumor
IMAGE_2680.jpg,tumor
IMAGE_2681.jpg,tumor
IMAGE_2682.jpg,tumor
IMAGE_2683.jpg,tumor
IMAGE_2684.jpg,tumor
IMAGE_2685.jpg,no_tumor
IMAGE_2686.jpg,tumor
IMAGE_2687.jpg,tumor
IMAGE_2688.jpg,tumor
IMAGE_2689.jpg,tumor
IMAGE_2690.jpg,tumor
IMAGE_2691.jpg,no_tumor
IMAGE_2692.jpg,tumor
IMAGE_2693.jpg,tumor
IMAGE_2694.jpg,tumor
IMAGE_2695.jpg,tumor
IMAGE_2696.jpg,tumor
IMAGE_2697.jpg,no_tumor
IMAGE_2698.jpg,tumor
IMAGE_2699.jpg,no_tumor
IMAGE_2700.jpg,tumor
IMAGE_2701.jpg,tumor
IMAGE_2702.jpg,tumor
IMAGE_2703.jpg,tumor
IMAGE_2704.jpg,tumor
IMAGE_2705.jpg,tumor
IMAGE_2706.jpg,tumor
IMAGE_2707.jpg,tumor
IMAGE_2708.jpg,no_tumor
IMAGE_2709.jpg,tumor
IMAGE_2710.jpg,no_tumor
IMAGE_2711.jpg,tumor
IMAGE_2712.jpg,tumor
IMAGE_2713.jpg,tumor
IMAGE_2714.jpg,no_tumor
IMAGE_2715.jpg,tumor
IMAGE_2716.jpg,tumor
IMAGE_2717.jpg,tumor
IMAGE_2718.jpg,tumor
IMAGE_2719.jpg,tumor
IMAGE_2720.jpg,tumor
IMAGE_2721.jpg,tumor
IMAGE_2722.jpg,tumor
IMAGE_2723.jpg,tumor
IMAGE_2724.jpg,tumor
IMAGE_2725.jpg,tumor
IMAGE_2726.jpg,tumor
IMAGE_2727.jpg,tumor
IMAGE_2728.jpg,tumor
IMAGE_2729.jpg,no_tumor
IMAGE_2730.jpg,tumor
IMAGE_2731.jpg,tumor
IMAGE_2732.jpg,tumor
IMAGE_2733.jpg,tumor
IMAGE_2734.jpg,tumor
IMAGE_2735.jpg,tumor
IMAGE_2736.jpg,tumor
IMAGE_2737.jpg,tumor
IMAGE_2738.jpg,tumor
IMAGE_2739.jpg,tumor
IMAGE_2740.jpg,tumor
IMAGE_2741.jpg,tumor
IMAGE_2742.jpg,tumor
IMAGE_2743.jpg,no_tumor
IMAGE_2744.jpg,tumor
IMAGE_2745.jpg,tumor
IMAGE_2746.jpg,tumor
IMAGE_2747.jpg,tumor
IMAGE_2748.jpg,no_tumor
IMAGE_2749.jpg,tumor
IMAGE_2750.jpg,tumor
IMAGE_2751.jpg,tumor
IMAGE_2752.jpg,tumor
IMAGE_2753.jpg,tumor
IMAGE_2754.jpg,tumor
IMAGE_2755.jpg,tumor
IMAGE_2756.jpg,tumor
IMAGE_2757.jpg,tumor
IMAGE_2758.jpg,tumor
IMAGE_2759.jpg,tumor
IMAGE_2760.jpg,tumor
IMAGE_2761.jpg,tumor
IMAGE_2762.jpg,tumor
IMAGE_2763.jpg,tumor
IMAGE_2764.jpg,tumor
IMAGE_2765.jpg,tumor
IMAGE_2766.jpg,tumor
IMAGE_2767.jpg,tumor
IMAGE_2768.jpg,no_tumor
IMAGE_2769.jpg,tumor
IMAGE_2770.jpg,tumor
IMAGE_2771.jpg,tumor
IMAGE_2772.jpg,tumor
IMAGE_2773.jpg,tumor
IMAGE_2774.jpg,tumor
IMAGE_2775.jpg,tumor
IMAGE_2776.jpg,tumor
IMAGE_2777.jpg,tumor
IMAGE_2778.jpg,tumor
IMAGE_2779.jpg,tumor
IMAGE_2780.jpg,tumor
IMAGE_2781.jpg,tumor
IMAGE_2782.jpg,tumor
IMAGE_2783.jpg,tumor
IMAGE_2784.jpg,tumor
IMAGE_2785.jpg,tumor
IMAGE_2786.jpg,tumor
IMAGE_2787.jpg,tumor
IMAGE_2788.jpg,tumor
IMAGE_2789.jpg,tumor
IMAGE_2790.jpg,tumor
IMAGE_2791.jpg,tumor
IMAGE_2792.jpg,tumor
IMAGE_2793.jpg,tumor
IMAGE_2794.jpg,tumor
IMAGE_2795.jpg,tumor
IMAGE_2796.jpg,tumor
IMAGE_2797.jpg,no_tumor
IMAGE_2798.jpg,tumor
IMAGE_2799.jpg,tumor
IMAGE_2800.jpg,tumor
IMAGE_2801.jpg,tumor
IMAGE_2802.jpg,tumor
IMAGE_2803.jpg,tumor
IMAGE_2804.jpg,no_tumor
IMAGE_2805.jpg,tumor
IMAGE_2806.jpg,no_tumor
IMAGE_2807.jpg,tumor
IMAGE_2808.jpg,tumor
IMAGE_2809.jpg,tumor
IMAGE_2810.jpg,tumor
IMAGE_2811.jpg,tumor
IMAGE_2812.jpg,tumor
IMAGE_2813.jpg,no_tumor
IMAGE_2814.jpg,tumor
IMAGE_2815.jpg,tumor
IMAGE_2816.jpg,tumor
IMAGE_2817.jpg,tumor
IMAGE_2818.jpg,tumor
IMAGE_2819.jpg,no_tumor
IMAGE_2820.jpg,no_tumor
IMAGE_2821.jpg,tumor
IMAGE_2822.jpg,tumor
IMAGE_2823.jpg,no_tumor
IMAGE_2824.jpg,no_tumor
IMAGE_2825.jpg,tumor
IMAGE_2826.jpg,tumor
IMAGE_2827.jpg,tumor
IMAGE_2828.jpg,tumor
IMAGE_2829.jpg,tumor
IMAGE_2830.jpg,tumor
IMAGE_2831.jpg,tumor
IMAGE_2832.jpg,tumor
IMAGE_2833.jpg,no_tumor
IMAGE_2834.jpg,tumor
IMAGE_2835.jpg,tumor
IMAGE_2836.jpg,no_tumor
IMAGE_2837.jpg,tumor
IMAGE_2838.jpg,tumor
IMAGE_2839.jpg,tumor
IMAGE_2840.jpg,no_tumor
IMAGE_2841.jpg,tumor
IMAGE_2842.jpg,tumor
IMAGE_2843.jpg,tumor
IMAGE_2844.jpg,tumor
IMAGE_2845.jpg,tumor
IMAGE_2846.jpg,tumor
IMAGE_2847.jpg,tumor
IMAGE_2848.jpg,no_tumor
IMAGE_2849.jpg,tumor
IMAGE_2850.jpg,no_tumor
IMAGE_2851.jpg,tumor
IMAGE_2852.jpg,tumor
IMAGE_2853.jpg,no_tumor
IMAGE_2854.jpg,tumor
IMAGE_2855.jpg,tumor
IMAGE_2856.jpg,tumor
IMAGE_2857.jpg,tumor
IMAGE_2858.jpg,tumor
IMAGE_2859.jpg,no_tumor
IMAGE_2860.jpg,tumor
IMAGE_2861.jpg,no_tumor
IMAGE_2862.jpg,tumor
IMAGE_2863.jpg,no_tumor
IMAGE_2864.jpg,tumor
IMAGE_2865.jpg,tumor
IMAGE_2866.jpg,no_tumor
IMAGE_2867.jpg,tumor
IMAGE_2868.jpg,no_tumor
IMAGE_2869.jpg,tumor
IMAGE_2870.jpg,tumor
IMAGE_2871.jpg,tumor
IMAGE_2872.jpg,tumor
IMAGE_2873.jpg,no_tumor
IMAGE_2874.jpg,no_tumor
IMAGE_2875.jpg,tumor
IMAGE_2876.jpg,tumor
IMAGE_2877.jpg,no_tumor
IMAGE_2878.jpg,tumor
IMAGE_2879.jpg,tumor
IMAGE_2880.jpg,tumor
IMAGE_2881.jpg,no_tumor
IMAGE_2882.jpg,tumor
IMAGE_2883.jpg,tumor
IMAGE_2884.jpg,tumor
IMAGE_2885.jpg,tumor
IMAGE_2886.jpg,no_tumor
IMAGE_2887.jpg,tumor
IMAGE_2888.jpg,tumor
IMAGE_2889.jpg,no_tumor
IMAGE_2890.jpg,tumor
IMAGE_2891.jpg,tumor
IMAGE_2892.jpg,tumor
IMAGE_2893.jpg,tumor
IMAGE_2894.jpg,tumor
IMAGE_2895.jpg,tumor
IMAGE_2896.jpg,tumor
IMAGE_2897.jpg,tumor
IMAGE_2898.jpg,tumor
IMAGE_2899.jpg,no_tumor
IMAGE_2900.jpg,tumor
IMAGE_2901.jpg,tumor
IMAGE_2902.jpg,tumor
IMAGE_2903.jpg,tumor
IMAGE_2904.jpg,tumor
IMAGE_2905.jpg,tumor
IMAGE_2906.jpg,tumor
IMAGE_2907.jpg,tumor
IMAGE_2908.jpg,tumor
IMAGE_2909.jpg,tumor
IMAGE_2910.jpg,tumor
IMAGE_2911.jpg,tumor
IMAGE_2912.jpg,tumor
IMAGE_2913.jpg,tumor
IMAGE_2914.jpg,tumor
IMAGE_2915.jpg,tumor
IMAGE_2916.jpg,no_tumor
IMAGE_2917.jpg,tumor
IMAGE_2918.jpg,tumor
IMAGE_2919.jpg,tumor
IMAGE_2920.jpg,tumor
IMAGE_2921.jpg,tumor
IMAGE_2922.jpg,tumor
IMAGE_2923.jpg,no_tumor
IMAGE_2924.jpg,tumor
IMAGE_2925.jpg,tumor
IMAGE_2926.jpg,no_tumor
IMAGE_2927.jpg,tumor
IMAGE_2928.jpg,tumor
IMAGE_2929.jpg,tumor
IMAGE_2930.jpg,tumor
IMAGE_2931.jpg,tumor
IMAGE_2932.jpg,tumor
IMAGE_2933.jpg,tumor
IMAGE_2934.jpg,tumor
IMAGE_2935.jpg,no_tumor
IMAGE_2936.jpg,tumor
IMAGE_2937.jpg,tumor
IMAGE_2938.jpg,tumor
IMAGE_2939.jpg,tumor
IMAGE_2940.jpg,tumor
IMAGE_2941.jpg,tumor
IMAGE_2942.jpg,tumor
IMAGE_2943.jpg,no_tumor
IMAGE_2944.jpg,tumor
IMAGE_2945.jpg,tumor
IMAGE_2946.jpg,tumor
IMAGE_2947.jpg,tumor
IMAGE_2948.jpg,no_tumor
IMAGE_2949.jpg,no_tumor
IMAGE_2950.jpg,no_tumor
IMAGE_2951.jpg,tumor
IMAGE_2952.jpg,tumor
IMAGE_2953.jpg,tumor
IMAGE_2954.jpg,tumor
IMAGE_2955.jpg,tumor
IMAGE_2956.jpg,tumor
IMAGE_2957.jpg,tumor
IMAGE_2958.jpg,tumor
IMAGE_2959.jpg,tumor
IMAGE_2960.jpg,tumor
IMAGE_2961.jpg,no_tumor
IMAGE_2962.jpg,no_tumor
IMAGE_2963.jpg,tumor
IMAGE_2964.jpg,tumor
IMAGE_2965.jpg,tumor
IMAGE_2966.jpg,tumor
IMAGE_2967.jpg,tumor
IMAGE_2968.jpg,tumor
IMAGE_2969.jpg,tumor
IMAGE_2970.jpg,tumor
IMAGE_2971.jpg,tumor
IMAGE_2972.jpg,tumor
IMAGE_2973.jpg,tumor
IMAGE_2974.jpg,tumor
IMAGE_2975.jpg,tumor
IMAGE_2976.jpg,no_tumor
IMAGE_2977.jpg,no_tumor
IMAGE_2978.jpg,tumor
IMAGE_2979.jpg,tumor
IMAGE_2980.jpg,tumor
IMAGE_2981.jpg,tumor
IMAGE_2982.jpg,tumor
IMAGE_2983.jpg,no_tumor
IMAGE_2984.jpg,tumor
IMAGE_2985.jpg,tumor
IMAGE_2986.jpg,tumor
IMAGE_2987.jpg,no_tumor
IMAGE_2988.jpg,tumor
IMAGE_2989.jpg,tumor
